Logger: #A50548 'Xixon_03_N1_East' - USP_EXP2 - (CGI) Expander for GP5W - (V2.7, Jan 12 2016)
Delta Time: -6584 secs
No,Time,#1:oC,#HK-Bat:V,#HK-Temp:oC
1,27.12.2023 11:18:38,8.88278,3.621,16.07
2,27.12.2023 12:00:02,9.00977,3.584,15.21
3,27.12.2023 13:00:02,9.34947
4,27.12.2023 14:00:02,9.67132
5,27.12.2023 15:00:02,9.94618
6,27.12.2023 16:00:02,10.17
7,27.12.2023 17:00:02,10.3
8,27.12.2023 18:00:02,10.381,3.608,16.74
9,27.12.2023 19:00:02,10.4199
10,27.12.2023 20:00:02,10.4489
11,27.12.2023 21:00:02,10.46
12,27.12.2023 22:00:02,10.4769
13,27.12.2023 23:00:02,10.5161
14,28.12.2023 00:00:02,10.5662,3.604,16.99
15,28.12.2023 01:00:02,10.6181
16,28.12.2023 02:00:02,10.6807
17,28.12.2023 03:00:02,10.722
18,28.12.2023 04:00:02,10.7674
19,28.12.2023 05:00:02,10.7967
20,28.12.2023 06:00:02,10.8068,3.601,16.99
21,28.12.2023 07:00:02,10.8116
22,28.12.2023 08:00:02,10.7966
23,28.12.2023 09:00:02,10.7947
24,28.12.2023 10:00:02,10.7981
25,28.12.2023 11:00:02,10.8222
26,28.12.2023 12:00:02,10.9138,3.599,17.29
27,28.12.2023 13:00:02,11.0094
28,28.12.2023 14:00:02,11.1661
29,28.12.2023 15:00:02,11.2994
30,28.12.2023 16:00:02,11.383
31,28.12.2023 17:00:02,11.4277
32,28.12.2023 18:00:02,11.4334,3.601,17.84
33,28.12.2023 19:00:02,11.4334
34,28.12.2023 20:00:02,11.4346
35,28.12.2023 21:00:02,11.4292
36,28.12.2023 22:00:02,11.4231
37,28.12.2023 23:00:02,11.4177
38,29.12.2023 00:00:02,11.4047,3.601,17.72
39,29.12.2023 01:00:02,11.4053
40,29.12.2023 02:00:02,11.3994
41,29.12.2023 03:00:02,11.4041
42,29.12.2023 04:00:02,11.3996
43,29.12.2023 05:00:02,11.3972
44,29.12.2023 06:00:02,11.3931,3.601,17.66
45,29.12.2023 07:00:02,11.3882
46,29.12.2023 08:00:02,11.3874
47,29.12.2023 09:00:02,11.3881
48,29.12.2023 10:00:02,11.4091
49,29.12.2023 11:00:02,11.4627
50,29.12.2023 12:00:02,11.5639,3.602,17.97
51,29.12.2023 13:00:02,11.6983
52,29.12.2023 14:00:02,11.8519
53,29.12.2023 15:00:02,11.9399
54,29.12.2023 16:00:02,11.9633
55,29.12.2023 17:00:02,11.9652
56,29.12.2023 18:00:02,11.9249,3.602,18.52
57,29.12.2023 19:00:02,11.8852
58,29.12.2023 20:00:02,11.84
59,29.12.2023 21:00:02,11.795
60,29.12.2023 22:00:02,11.7389
61,29.12.2023 23:00:02,11.627
62,30.12.2023 00:00:02,11.4964,3.602,17.84
63,30.12.2023 01:00:02,11.3776
64,30.12.2023 02:00:02,11.2896
65,30.12.2023 03:00:02,11.2046
66,30.12.2023 04:00:02,11.137
67,30.12.2023 05:00:02,11.0315
68,30.12.2023 06:00:02,10.8949,3.602,17.11
69,30.12.2023 07:00:02,10.7354
70,30.12.2023 08:00:02,10.5885
71,30.12.2023 09:00:02,10.4308
72,30.12.2023 10:00:02,10.3398
73,30.12.2023 11:00:02,10.3814
74,30.12.2023 12:00:02,10.5242,3.604,17.17
75,30.12.2023 13:00:02,10.8442
76,30.12.2023 14:00:02,11.1213
77,30.12.2023 15:00:02,11.313
78,30.12.2023 16:00:02,11.446
79,30.12.2023 17:00:02,11.5064
80,30.12.2023 18:00:02,11.4749,3.603,17.78
81,30.12.2023 19:00:02,11.3778
82,30.12.2023 20:00:02,11.2411
83,30.12.2023 21:00:02,11.082
84,30.12.2023 22:00:02,10.9613
85,30.12.2023 23:00:02,10.9731
86,31.12.2023 00:00:02,11.0096,3.601,17.48
87,31.12.2023 01:00:02,11.0542
88,31.12.2023 02:00:02,11.0296
89,31.12.2023 03:00:02,11.0169
90,31.12.2023 04:00:02,11.019
91,31.12.2023 05:00:02,11.0196
92,31.12.2023 06:00:02,11.0114,3.603,17.48
93,31.12.2023 07:00:02,10.9895
94,31.12.2023 08:00:02,10.974
95,31.12.2023 09:00:02,10.9741
96,31.12.2023 10:00:02,10.986
97,31.12.2023 11:00:02,11.0102
98,31.12.2023 12:00:02,11.069,3.603,17.29
99,31.12.2023 13:00:02,11.1458
100,31.12.2023 14:00:02,11.1935
101,31.12.2023 15:00:02,11.2415
102,31.12.2023 16:00:02,11.2572
103,31.12.2023 17:00:02,11.258
104,31.12.2023 18:00:02,11.2221,3.602,17.66
105,31.12.2023 19:00:02,11.1663
106,31.12.2023 20:00:02,11.1115
107,31.12.2023 21:00:02,11.0645
108,31.12.2023 22:00:02,11.0229
109,31.12.2023 23:00:02,10.9845
110,01.01.2024 00:00:02,10.9722,3.603,17.35
111,01.01.2024 01:00:02,10.9592
112,01.01.2024 02:00:02,10.9534
113,01.01.2024 03:00:02,10.8927
114,01.01.2024 04:00:02,10.899
115,01.01.2024 05:00:02,10.8891
116,01.01.2024 06:00:02,10.8567,3.602,17.17
117,01.01.2024 07:00:02,10.8135
118,01.01.2024 08:00:02,10.7855
119,01.01.2024 09:00:02,10.7822
120,01.01.2024 10:00:02,10.7937
121,01.01.2024 11:00:02,10.8654
122,01.01.2024 12:00:02,10.9782,3.604,17.29
123,01.01.2024 13:00:02,11.2216
124,01.01.2024 14:00:02,11.4017
125,01.01.2024 15:00:02,11.5343
126,01.01.2024 16:00:02,11.6247
127,01.01.2024 17:00:02,11.6734
128,01.01.2024 18:00:02,11.6335,3.603,18.09
129,01.01.2024 19:00:02,11.5766
130,01.01.2024 20:00:02,11.4992
131,01.01.2024 21:00:02,11.4281
132,01.01.2024 22:00:02,11.3881
133,01.01.2024 23:00:02,11.3491
134,02.01.2024 00:00:02,11.3055,3.602,17.54
135,02.01.2024 01:00:02,11.2566
136,02.01.2024 02:00:02,11.2165
137,02.01.2024 03:00:02,11.1733
138,02.01.2024 04:00:02,11.16
139,02.01.2024 05:00:02,11.1344
140,02.01.2024 06:00:02,11.1042,3.604,17.29
141,02.01.2024 07:00:02,11.0827
142,02.01.2024 08:00:02,11.0559
143,02.01.2024 09:00:02,11.0378
144,02.01.2024 10:00:02,11.0589
145,02.01.2024 11:00:02,11.2432
146,02.01.2024 12:00:02,11.4841,3.603,17.72
147,02.01.2024 13:00:02,11.7664
148,02.01.2024 14:00:02,11.9738
149,02.01.2024 15:00:02,12.1315
150,02.01.2024 16:00:02,12.2157
151,02.01.2024 17:00:02,12.2928
152,02.01.2024 18:00:02,12.37,3.605,18.83
153,02.01.2024 19:00:02,12.3986
154,02.01.2024 20:00:02,12.3965
155,02.01.2024 21:00:02,12.3545
156,02.01.2024 22:00:02,12.2814
157,02.01.2024 23:00:02,12.1658
158,03.01.2024 00:00:02,12.0457,3.604,18.46
159,03.01.2024 01:00:02,11.9378
160,03.01.2024 02:00:02,11.8605
161,03.01.2024 03:00:02,11.8095
162,03.01.2024 04:00:02,11.7665
163,03.01.2024 05:00:02,11.7405
164,03.01.2024 06:00:02,11.7079,3.604,17.97
165,03.01.2024 07:00:02,11.6673
166,03.01.2024 08:00:02,11.6051
167,03.01.2024 09:00:02,11.5479
168,03.01.2024 10:00:02,11.5285
169,03.01.2024 11:00:02,11.6076
170,03.01.2024 12:00:02,11.7522,3.605,18.03
171,03.01.2024 13:00:02,11.9421
172,03.01.2024 14:00:02,12.0873
173,03.01.2024 15:00:02,12.169
174,03.01.2024 16:00:02,12.1951
175,03.01.2024 17:00:02,12.1995
176,03.01.2024 18:00:02,12.1384,3.605,18.64
177,03.01.2024 19:00:02,12.0157
178,03.01.2024 20:00:02,11.8782
179,03.01.2024 21:00:02,11.7337
180,03.01.2024 22:00:02,11.5858
181,03.01.2024 23:00:02,11.4453
182,04.01.2024 00:00:02,11.2972,3.605,17.66
183,04.01.2024 01:00:02,11.1591
184,04.01.2024 02:00:02,11.0093
185,04.01.2024 03:00:02,10.8827
186,04.01.2024 04:00:02,10.7592
187,04.01.2024 05:00:02,10.6437
188,04.01.2024 06:00:02,10.5485,3.603,16.80
189,04.01.2024 07:00:02,10.4708
190,04.01.2024 08:00:02,10.4114
191,04.01.2024 09:00:02,10.3939
192,04.01.2024 10:00:02,10.4499
193,04.01.2024 11:00:02,10.5539
194,04.01.2024 12:00:02,10.7007,3.602,16.68
195,04.01.2024 13:00:02,10.909
196,04.01.2024 14:00:02,11.0619
197,04.01.2024 15:00:02,11.1199
198,04.01.2024 16:00:02,11.1495
199,04.01.2024 17:00:02,11.1766
200,04.01.2024 18:00:02,11.1913,3.602,17.23
201,04.01.2024 19:00:02,11.186
202,04.01.2024 20:00:02,11.1774
203,04.01.2024 21:00:02,11.1137
204,04.01.2024 22:00:02,11.0182
205,04.01.2024 23:00:02,10.9769
206,05.01.2024 00:00:02,10.9532,3.602,17.05
207,05.01.2024 01:00:02,10.936
208,05.01.2024 02:00:02,10.9089
209,05.01.2024 03:00:02,10.8636
210,05.01.2024 04:00:02,10.8179
211,05.01.2024 05:00:02,10.7715
212,05.01.2024 06:00:02,10.7593,3.601,16.86
213,05.01.2024 07:00:02,10.7091
214,05.01.2024 08:00:02,10.6756
215,05.01.2024 09:00:02,10.6211
216,05.01.2024 10:00:02,10.5378
217,05.01.2024 11:00:02,10.4149
218,05.01.2024 12:00:02,10.41,3.601,16.74
219,05.01.2024 13:00:02,10.4873
220,05.01.2024 14:00:02,10.585
221,05.01.2024 15:00:02,10.6542
222,05.01.2024 16:00:02,10.677
223,05.01.2024 17:00:02,10.544
224,05.01.2024 18:00:02,10.5062,3.601,16.62
225,05.01.2024 19:00:02,10.4954
226,05.01.2024 20:00:02,10.4816
227,05.01.2024 21:00:02,10.3775
228,05.01.2024 22:00:02,10.2755
229,05.01.2024 23:00:02,10.2769
230,06.01.2024 00:00:02,10.2587,3.600,16.49
231,06.01.2024 01:00:02,10.2209
232,06.01.2024 02:00:02,9.99105
233,06.01.2024 03:00:02,9.91715
234,06.01.2024 04:00:02,9.72564
235,06.01.2024 05:00:02,9.5422
236,06.01.2024 06:00:02,9.56401,3.599,15.82
237,06.01.2024 07:00:02,9.59025
238,06.01.2024 08:00:02,9.59751
239,06.01.2024 09:00:02,9.61553
240,06.01.2024 10:00:02,9.57655
241,06.01.2024 11:00:02,9.63623
242,06.01.2024 12:00:02,9.72987,3.599,16.19
243,06.01.2024 13:00:02,9.87487
244,06.01.2024 14:00:02,9.98858
245,06.01.2024 15:00:02,10.0532
246,06.01.2024 16:00:02,10.1203
247,06.01.2024 17:00:02,10.1286
248,06.01.2024 18:00:02,10.1117,3.601,16.62
249,06.01.2024 19:00:02,10.0768
250,06.01.2024 20:00:02,10.0297
251,06.01.2024 21:00:02,9.99642
252,06.01.2024 22:00:02,9.94235
253,06.01.2024 23:00:02,9.8912
254,07.01.2024 00:00:02,9.82552,3.601,16.13
255,07.01.2024 01:00:02,9.78374
256,07.01.2024 02:00:02,9.75507
257,07.01.2024 03:00:02,9.70248
258,07.01.2024 04:00:02,9.65908
259,07.01.2024 05:00:02,9.60977
260,07.01.2024 06:00:02,9.56927,3.599,15.94
261,07.01.2024 07:00:02,9.52293
262,07.01.2024 08:00:02,9.49277
263,07.01.2024 09:00:02,9.47913
264,07.01.2024 10:00:02,9.47978
265,07.01.2024 11:00:02,9.53226
266,07.01.2024 12:00:02,9.65137,3.600,16.13
267,07.01.2024 13:00:02,9.78688
268,07.01.2024 14:00:02,9.89931
269,07.01.2024 15:00:02,9.992
270,07.01.2024 16:00:02,10.0753
271,07.01.2024 17:00:02,10.1371
272,07.01.2024 18:00:02,10.1301,3.599,16.56
273,07.01.2024 19:00:02,10.0872
274,07.01.2024 20:00:02,10.0349
275,07.01.2024 21:00:02,9.95368
276,07.01.2024 22:00:02,9.8853
277,07.01.2024 23:00:02,9.81072
278,08.01.2024 00:00:02,9.77373,3.600,16.19
279,08.01.2024 01:00:02,9.72414
280,08.01.2024 02:00:02,9.67747
281,08.01.2024 03:00:02,9.58967
282,08.01.2024 04:00:02,9.46653
283,08.01.2024 05:00:02,9.34917
284,08.01.2024 06:00:02,9.22957,3.599,15.57
285,08.01.2024 07:00:02,9.08625
286,08.01.2024 08:00:02,8.95774
287,08.01.2024 09:00:02,8.85113
288,08.01.2024 10:00:02,8.77835
289,08.01.2024 11:00:02,8.8004
290,08.01.2024 12:00:02,8.90967,3.598,15.27
291,08.01.2024 13:00:02,9.11005
292,08.01.2024 14:00:02,9.29732
293,08.01.2024 15:00:02,9.43228
294,08.01.2024 16:00:02,9.52409
295,08.01.2024 17:00:02,9.57138
296,08.01.2024 18:00:02,9.57934,3.599,16.19
297,08.01.2024 19:00:02,9.52155
298,08.01.2024 20:00:02,9.46704
299,08.01.2024 21:00:02,9.43382
300,08.01.2024 22:00:02,9.39278
301,08.01.2024 23:00:02,9.35121
302,09.01.2024 00:00:02,9.30675,3.597,15.64
303,09.01.2024 01:00:02,9.24643
304,09.01.2024 02:00:02,9.14148
305,09.01.2024 03:00:02,9.01735
306,09.01.2024 04:00:02,8.88786
307,09.01.2024 05:00:02,8.77798
308,09.01.2024 06:00:02,8.66578,3.597,15.02
309,09.01.2024 07:00:02,8.55517
310,09.01.2024 08:00:02,8.45337
311,09.01.2024 09:00:02,8.37939
312,09.01.2024 10:00:02,8.37671
313,09.01.2024 11:00:02,8.45228
314,09.01.2024 12:00:02,8.55818,3.597,14.90
315,09.01.2024 13:00:02,8.70691
316,09.01.2024 14:00:02,8.85012
317,09.01.2024 15:00:02,8.95817
318,09.01.2024 16:00:02,9.04478
319,09.01.2024 17:00:02,9.11051
320,09.01.2024 18:00:02,9.13029,3.597,15.57
321,09.01.2024 19:00:02,9.11666
322,09.01.2024 20:00:02,9.09819
323,09.01.2024 21:00:02,9.09088
324,09.01.2024 22:00:02,9.0758
325,09.01.2024 23:00:02,9.06262
326,10.01.2024 00:00:02,9.06026,3.597,15.45
327,10.01.2024 01:00:02,9.06054
328,10.01.2024 02:00:02,9.04855
329,10.01.2024 03:00:02,9.05353
330,10.01.2024 04:00:02,9.05187
331,10.01.2024 05:00:02,9.03148
332,10.01.2024 06:00:02,9.00786,3.597,15.57
333,10.01.2024 07:00:02,8.98506
334,10.01.2024 08:00:02,8.95367
335,10.01.2024 09:00:02,8.95233
336,10.01.2024 10:00:02,8.96787
337,10.01.2024 11:00:02,9.01283
338,10.01.2024 12:00:02,9.10877,3.598,15.70
339,10.01.2024 13:00:02,9.2364
340,10.01.2024 14:00:02,9.32947
341,10.01.2024 15:00:02,9.3793
342,10.01.2024 16:00:02,9.3343
343,10.01.2024 17:00:02,9.32791
344,10.01.2024 18:00:02,9.38013,3.597,15.76
345,10.01.2024 19:00:02,9.32962
346,10.01.2024 20:00:02,9.26046
347,10.01.2024 21:00:02,9.19162
348,10.01.2024 22:00:02,9.12552
349,10.01.2024 23:00:02,9.05959
350,11.01.2024 00:00:02,8.99873,3.597,15.45
351,11.01.2024 01:00:02,8.94376
352,11.01.2024 02:00:02,8.88172
353,11.01.2024 03:00:02,8.83251
354,11.01.2024 04:00:02,8.73336
355,11.01.2024 05:00:02,8.63006
356,11.01.2024 06:00:02,8.63599,3.597,15.14
357,11.01.2024 07:00:02,8.5829
358,11.01.2024 08:00:02,8.53439
359,11.01.2024 09:00:02,8.492
360,11.01.2024 10:00:02,8.48753
361,11.01.2024 11:00:02,8.46274
362,11.01.2024 12:00:02,8.503,3.595,15.27
363,11.01.2024 13:00:02,8.62093
364,11.01.2024 14:00:02,8.60398
365,11.01.2024 15:00:02,8.55411
366,11.01.2024 16:00:02,8.47102
367,11.01.2024 17:00:02,8.42928
368,11.01.2024 18:00:02,8.3968,3.596,15.08
369,11.01.2024 19:00:02,8.36584
370,11.01.2024 20:00:02,8.32627
371,11.01.2024 21:00:02,8.28126
372,11.01.2024 22:00:02,8.24371
373,11.01.2024 23:00:02,8.21677
374,12.01.2024 00:00:02,8.19192,3.595,14.90
375,12.01.2024 01:00:02,8.1626
376,12.01.2024 02:00:02,8.1447
377,12.01.2024 03:00:02,8.13071
378,12.01.2024 04:00:02,8.11683
379,12.01.2024 05:00:02,8.10175
380,12.01.2024 06:00:02,8.07371,3.595,14.53
381,12.01.2024 07:00:02,8.05515
382,12.01.2024 08:00:02,8.03788
383,12.01.2024 09:00:02,8.03167
384,12.01.2024 10:00:02,8.0551
385,12.01.2024 11:00:02,8.11312
386,12.01.2024 12:00:02,8.21533,3.594,14.65
387,12.01.2024 13:00:02,8.3847
388,12.01.2024 14:00:02,8.54056
389,12.01.2024 15:00:02,8.6748
390,12.01.2024 16:00:02,8.77536
391,12.01.2024 17:00:02,8.82046
392,12.01.2024 18:00:02,8.81363,3.596,15.57
393,12.01.2024 19:00:02,8.74422
394,12.01.2024 20:00:02,8.6422
395,12.01.2024 21:00:02,8.52869
396,12.01.2024 22:00:02,8.42188
397,12.01.2024 23:00:02,8.34317
398,13.01.2024 00:00:02,8.28887,3.593,14.96
399,13.01.2024 01:00:02,8.21815
400,13.01.2024 02:00:02,8.14382
401,13.01.2024 03:00:02,8.08967
402,13.01.2024 04:00:02,8.03773
403,13.01.2024 05:00:02,8.00473
404,13.01.2024 06:00:02,7.99128,3.595,14.65
405,13.01.2024 07:00:02,7.99523
406,13.01.2024 08:00:02,8.01461
407,13.01.2024 09:00:02,8.04295
408,13.01.2024 10:00:02,8.10132
409,13.01.2024 11:00:02,8.20827
410,13.01.2024 12:00:02,8.36489,3.594,15.08
411,13.01.2024 13:00:02,8.64336
412,13.01.2024 14:00:02,8.85077
413,13.01.2024 15:00:02,9.01417
414,13.01.2024 16:00:02,9.13981
415,13.01.2024 17:00:02,9.23585
416,13.01.2024 18:00:02,9.27649,3.596,15.94
417,13.01.2024 19:00:02,9.28582
418,13.01.2024 20:00:02,9.27659
419,13.01.2024 21:00:02,9.25857
420,13.01.2024 22:00:02,9.25689
421,13.01.2024 23:00:02,9.27322
422,14.01.2024 00:00:02,9.28016,3.596,15.94
423,14.01.2024 01:00:02,9.27347
424,14.01.2024 02:00:02,9.27194
425,14.01.2024 03:00:02,9.25854
426,14.01.2024 04:00:02,9.23964
427,14.01.2024 05:00:02,9.2219
428,14.01.2024 06:00:02,9.22535,3.596,16.00
429,14.01.2024 07:00:02,9.23049
430,14.01.2024 08:00:02,9.23894
431,14.01.2024 09:00:02,9.25402
432,14.01.2024 10:00:02,9.29469
433,14.01.2024 11:00:02,9.38134
434,14.01.2024 12:00:02,9.53293,3.597,16.37
435,14.01.2024 13:00:02,9.67787
436,14.01.2024 14:00:02,9.85755
437,14.01.2024 15:00:02,10.0472
438,14.01.2024 16:00:02,10.197
439,14.01.2024 17:00:02,10.3071
440,14.01.2024 18:00:02,10.3701,3.600,17.11
441,14.01.2024 19:00:02,10.4011
442,14.01.2024 20:00:02,10.4176
443,14.01.2024 21:00:02,10.4306
444,14.01.2024 22:00:02,10.4134
445,14.01.2024 23:00:02,10.3858
446,15.01.2024 00:00:02,10.3796,3.602,17.23
447,15.01.2024 01:00:02,10.373
448,15.01.2024 02:00:02,10.3551
449,15.01.2024 03:00:02,10.3312
450,15.01.2024 04:00:02,10.3194
451,15.01.2024 05:00:02,10.2983
452,15.01.2024 06:00:02,10.2914,3.599,17.29
453,15.01.2024 07:00:02,10.2922
454,15.01.2024 08:00:02,10.3082
455,15.01.2024 09:00:02,10.3254
456,15.01.2024 10:00:02,10.3663
457,15.01.2024 11:00:02,10.4624
458,15.01.2024 12:00:02,10.6021,3.599,17.48
459,15.01.2024 13:00:02,10.7891
460,15.01.2024 14:00:02,10.9691
461,15.01.2024 15:00:02,11.1535
462,15.01.2024 16:00:02,11.2214
463,15.01.2024 17:00:02,11.2683
464,15.01.2024 18:00:02,11.2744,3.602,18.15
465,15.01.2024 19:00:02,11.2555
466,15.01.2024 20:00:02,11.2325
467,15.01.2024 21:00:02,11.2048
468,15.01.2024 22:00:02,11.1843
469,15.01.2024 23:00:02,11.1526
470,16.01.2024 00:00:02,11.1294,3.602,17.91
471,16.01.2024 01:00:02,11.0961
472,16.01.2024 02:00:02,11.025
473,16.01.2024 03:00:02,10.9181
474,16.01.2024 04:00:02,10.8008
475,16.01.2024 05:00:02,10.6914
476,16.01.2024 06:00:02,10.6045,3.600,17.17
477,16.01.2024 07:00:02,10.5318
478,16.01.2024 08:00:02,10.4866
479,16.01.2024 09:00:02,10.466
480,16.01.2024 10:00:02,10.4917
481,16.01.2024 11:00:02,10.5542
482,16.01.2024 12:00:02,10.6577,3.601,17.60
483,16.01.2024 13:00:02,10.742
484,16.01.2024 14:00:02,10.8485
485,16.01.2024 15:00:02,10.9568
486,16.01.2024 16:00:02,11.0127
487,16.01.2024 17:00:02,11.0608
488,16.01.2024 18:00:02,11.0521,3.600,17.97
489,16.01.2024 19:00:02,11.023
490,16.01.2024 20:00:02,11.0069
491,16.01.2024 21:00:02,11.0896
492,16.01.2024 22:00:02,11.2015
493,16.01.2024 23:00:02,11.3126
494,17.01.2024 00:00:02,11.4048,3.603,18.27
495,17.01.2024 01:00:02,11.5048
496,17.01.2024 02:00:02,11.5878
497,17.01.2024 03:00:02,11.6374
498,17.01.2024 04:00:02,11.639
499,17.01.2024 05:00:02,11.5925
500,17.01.2024 06:00:02,11.528,3.603,18.46
501,17.01.2024 07:00:02,11.4758
502,17.01.2024 08:00:02,11.4195
503,17.01.2024 09:00:02,11.3232
504,17.01.2024 10:00:02,11.2648
505,17.01.2024 11:00:02,11.2854
506,17.01.2024 12:00:02,11.401,3.602,18.15
507,17.01.2024 13:00:02,11.5382
508,17.01.2024 14:00:02,11.6711
509,17.01.2024 15:00:02,11.7549
510,17.01.2024 16:00:02,11.791
511,17.01.2024 17:00:02,11.7919
512,17.01.2024 18:00:02,11.7549,3.604,18.76
513,17.01.2024 19:00:02,11.7114
514,17.01.2024 20:00:02,11.6571
515,17.01.2024 21:00:02,11.6371
516,17.01.2024 22:00:02,11.6164
517,17.01.2024 23:00:02,11.5956
518,18.01.2024 00:00:02,11.5707,3.602,18.58
519,18.01.2024 01:00:02,11.5312
520,18.01.2024 02:00:02,11.4414
521,18.01.2024 03:00:02,11.3061
522,18.01.2024 04:00:02,11.1647
523,18.01.2024 05:00:02,11.0477
524,18.01.2024 06:00:02,10.9484,3.602,17.97
525,18.01.2024 07:00:02,10.9
526,18.01.2024 08:00:02,10.878
527,18.01.2024 09:00:02,10.8862
528,18.01.2024 10:00:02,10.918
529,18.01.2024 11:00:02,11.0013
530,18.01.2024 12:00:02,10.983,3.603,18.03
531,18.01.2024 13:00:02,10.9252
532,18.01.2024 14:00:02,10.8642
533,18.01.2024 15:00:02,10.8333
534,18.01.2024 16:00:02,10.7975
535,18.01.2024 17:00:02,10.7363
536,18.01.2024 18:00:02,10.679,3.602,17.48
537,18.01.2024 19:00:02,10.6311
538,18.01.2024 20:00:02,10.5779
539,18.01.2024 21:00:02,10.5258
540,18.01.2024 22:00:02,10.4921
541,18.01.2024 23:00:02,10.4357
542,19.01.2024 00:00:02,10.3883,3.601,17.17
543,19.01.2024 01:00:02,10.3529
544,19.01.2024 02:00:02,10.2983
545,19.01.2024 03:00:02,10.2242
546,19.01.2024 04:00:02,10.1401
547,19.01.2024 05:00:02,10.0795
548,19.01.2024 06:00:02,10.0165,3.599,16.86
549,19.01.2024 07:00:02,9.93633
550,19.01.2024 08:00:02,9.84966
551,19.01.2024 09:00:02,9.75275
552,19.01.2024 10:00:02,9.67438
553,19.01.2024 11:00:02,9.63023
554,19.01.2024 12:00:02,9.59392,3.600,16.49
555,19.01.2024 13:00:02,9.65654
556,19.01.2024 14:00:02,9.68484
557,19.01.2024 15:00:02,9.6493
558,19.01.2024 16:00:02,9.55168
559,19.01.2024 17:00:02,9.45671
560,19.01.2024 18:00:02,9.36091,3.599,16.37
561,19.01.2024 19:00:02,9.26525
562,19.01.2024 20:00:02,9.14318
563,19.01.2024 21:00:02,9.03583
564,19.01.2024 22:00:02,8.92566
565,19.01.2024 23:00:02,8.80658
566,20.01.2024 00:00:02,8.66995,3.597,15.39
567,20.01.2024 01:00:02,8.53925
568,20.01.2024 02:00:02,8.43207
569,20.01.2024 03:00:02,8.34713
570,20.01.2024 04:00:02,8.2664
571,20.01.2024 05:00:02,8.17391
572,20.01.2024 06:00:02,8.04589,3.596,14.84
573,20.01.2024 07:00:02,7.91296
574,20.01.2024 08:00:02,7.77575
575,20.01.2024 09:00:02,7.6463
576,20.01.2024 10:00:02,7.59669
577,20.01.2024 11:00:02,7.65847
578,20.01.2024 12:00:02,7.80724,3.594,14.59
579,20.01.2024 13:00:02,8.1277
580,20.01.2024 14:00:02,8.38096
581,20.01.2024 15:00:02,8.62498
582,20.01.2024 16:00:02,8.78544
583,20.01.2024 17:00:02,8.85978
584,20.01.2024 18:00:02,8.85425,3.595,15.64
585,20.01.2024 19:00:02,8.76759
586,20.01.2024 20:00:02,8.63039
587,20.01.2024 21:00:02,8.48876
588,20.01.2024 22:00:02,8.35633
589,20.01.2024 23:00:02,8.23356
590,21.01.2024 00:00:02,8.16381,3.595,14.90
591,21.01.2024 01:00:02,8.10974
592,21.01.2024 02:00:02,8.11168
593,21.01.2024 03:00:02,8.15036
594,21.01.2024 04:00:02,8.21442
595,21.01.2024 05:00:02,8.26939
596,21.01.2024 06:00:02,8.31593,3.595,14.90
597,21.01.2024 07:00:02,8.34575
598,21.01.2024 08:00:02,8.33104
599,21.01.2024 09:00:02,8.28908
600,21.01.2024 10:00:02,8.30891
601,21.01.2024 11:00:02,8.44246
602,21.01.2024 12:00:02,8.66324,3.596,15.45
603,21.01.2024 13:00:02,9.11106
604,21.01.2024 14:00:02,9.47332
605,21.01.2024 15:00:02,9.77738
606,21.01.2024 16:00:02,9.95786
607,21.01.2024 17:00:02,10.0436
608,21.01.2024 18:00:02,10.0645,3.598,16.92
609,21.01.2024 19:00:02,10.0031
610,21.01.2024 20:00:02,9.87894
611,21.01.2024 21:00:02,9.74592
612,21.01.2024 22:00:02,9.64018
613,21.01.2024 23:00:02,9.54245
614,22.01.2024 00:00:02,9.44136,3.597,16.31
615,22.01.2024 01:00:02,9.35058
616,22.01.2024 02:00:02,9.27066
617,22.01.2024 03:00:02,9.20838
618,22.01.2024 04:00:02,9.17025
619,22.01.2024 05:00:02,9.15739
620,22.01.2024 06:00:02,9.16917,3.597,16.00
621,22.01.2024 07:00:02,9.21716
622,22.01.2024 08:00:02,9.22945
623,22.01.2024 09:00:02,9.25478
624,22.01.2024 10:00:02,9.32216
625,22.01.2024 11:00:02,9.47736
626,22.01.2024 12:00:02,9.72757,3.599,16.56
627,22.01.2024 13:00:02,10.0867
628,22.01.2024 14:00:02,10.482
629,22.01.2024 15:00:02,10.7249
630,22.01.2024 16:00:02,10.8342
631,22.01.2024 17:00:02,10.8586
632,22.01.2024 18:00:02,10.8586,3.602,17.78
633,22.01.2024 19:00:02,10.8572
634,22.01.2024 20:00:02,10.8574
635,22.01.2024 21:00:02,10.8493
636,22.01.2024 22:00:02,10.8558
637,22.01.2024 23:00:02,10.8563
638,23.01.2024 00:00:02,10.8545,3.601,17.84
639,23.01.2024 01:00:02,10.8529
640,23.01.2024 02:00:02,10.8311
641,23.01.2024 03:00:02,10.7751
642,23.01.2024 04:00:02,10.6705
643,23.01.2024 05:00:02,10.5586
644,23.01.2024 06:00:02,10.4331,3.599,17.41
645,23.01.2024 07:00:02,10.3313
646,23.01.2024 08:00:02,10.2411
647,23.01.2024 09:00:02,10.162
648,23.01.2024 10:00:02,10.1373
649,23.01.2024 11:00:02,10.2218
650,23.01.2024 12:00:02,10.3844,3.601,17.35
651,23.01.2024 13:00:02,10.8022
652,23.01.2024 14:00:02,11.1089
653,23.01.2024 15:00:02,11.3333
654,23.01.2024 16:00:02,11.4858
655,23.01.2024 17:00:02,11.5587
656,23.01.2024 18:00:02,11.568,3.603,18.58
657,23.01.2024 19:00:02,11.5138
658,23.01.2024 20:00:02,11.4135
659,23.01.2024 21:00:02,11.2882
660,23.01.2024 22:00:02,11.1784
661,23.01.2024 23:00:02,11.0597
662,24.01.2024 00:00:02,10.9136,3.601,17.78
663,24.01.2024 01:00:02,10.7791
664,24.01.2024 02:00:02,10.6472
665,24.01.2024 03:00:02,10.5234
666,24.01.2024 04:00:02,10.4214
667,24.01.2024 05:00:02,10.3891
668,24.01.2024 06:00:02,10.393,3.599,17.11
669,24.01.2024 07:00:02,10.4287
670,24.01.2024 08:00:02,10.4575
671,24.01.2024 09:00:02,10.4611
672,24.01.2024 10:00:02,10.4668
673,24.01.2024 11:00:02,10.5521
674,24.01.2024 12:00:02,10.7155,3.599,17.54
675,24.01.2024 13:00:02,11.0837
676,24.01.2024 14:00:02,11.3069
677,24.01.2024 15:00:02,11.466
678,24.01.2024 16:00:02,11.5758
679,24.01.2024 17:00:02,11.6003
680,24.01.2024 18:00:02,11.558,3.603,18.64
681,24.01.2024 19:00:02,11.466
682,24.01.2024 20:00:02,11.3296
683,24.01.2024 21:00:02,11.1861
684,24.01.2024 22:00:02,11.0314
685,24.01.2024 23:00:02,10.8753
686,25.01.2024 00:00:02,10.7219,3.602,17.66
687,25.01.2024 01:00:02,10.582
688,25.01.2024 02:00:02,10.4486
689,25.01.2024 03:00:02,10.3287
690,25.01.2024 04:00:02,10.2296
691,25.01.2024 05:00:02,10.1286
692,25.01.2024 06:00:02,10.0565,3.599,16.80
693,25.01.2024 07:00:02,10.0776
694,25.01.2024 08:00:02,10.1432
695,25.01.2024 09:00:02,10.1947
696,25.01.2024 10:00:02,10.2332
697,25.01.2024 11:00:02,10.3391
698,25.01.2024 12:00:02,10.5185,3.601,17.35
699,25.01.2024 13:00:02,10.8845
700,25.01.2024 14:00:02,11.1439
701,25.01.2024 15:00:02,11.2934
702,25.01.2024 16:00:02,11.4033
703,25.01.2024 17:00:02,11.4418
704,25.01.2024 18:00:02,11.4201,3.601,18.34
705,25.01.2024 19:00:02,11.3375
706,25.01.2024 20:00:02,11.215
707,25.01.2024 21:00:02,11.0674
708,25.01.2024 22:00:02,10.9189
709,25.01.2024 23:00:02,10.7614
710,26.01.2024 00:00:02,10.6136,3.600,17.54
711,26.01.2024 01:00:02,10.4805
712,26.01.2024 02:00:02,10.3544
713,26.01.2024 03:00:02,10.2535
714,26.01.2024 04:00:02,10.1477
715,26.01.2024 05:00:02,10.0575
716,26.01.2024 06:00:02,9.98308,3.599,16.86
717,26.01.2024 07:00:02,9.90298
718,26.01.2024 08:00:02,9.82904
719,26.01.2024 09:00:02,9.79952
720,26.01.2024 10:00:02,9.84841
721,26.01.2024 11:00:02,9.97491
722,26.01.2024 12:00:02,10.1564,3.600,16.99
723,26.01.2024 13:00:02,10.3903
724,26.01.2024 14:00:02,10.651
725,26.01.2024 15:00:02,10.8671
726,26.01.2024 16:00:02,11.0098
727,26.01.2024 17:00:02,11.0752
728,26.01.2024 18:00:02,11.0849,3.602,18.09
729,26.01.2024 19:00:02,11.0593
730,26.01.2024 20:00:02,11.0104
731,26.01.2024 21:00:02,10.9372
732,26.01.2024 22:00:02,10.9004
733,26.01.2024 23:00:02,10.8557
734,27.01.2024 00:00:02,10.775,3.600,17.84
735,27.01.2024 01:00:02,10.6953
736,27.01.2024 02:00:02,10.6508
737,27.01.2024 03:00:02,10.6312
738,27.01.2024 04:00:02,10.6275
739,27.01.2024 05:00:02,10.6147
740,27.01.2024 06:00:02,10.61,3.599,17.48
741,27.01.2024 07:00:02,10.6016
742,27.01.2024 08:00:02,10.5783
743,27.01.2024 09:00:02,10.5404
744,27.01.2024 10:00:02,10.5267
745,27.01.2024 11:00:02,10.5242
746,27.01.2024 12:00:02,10.5456,3.600,17.54
747,27.01.2024 13:00:02,10.7197
748,27.01.2024 14:00:02,10.9015
749,27.01.2024 15:00:02,11.0525
750,27.01.2024 16:00:02,11.1238
751,27.01.2024 17:00:02,11.1591
752,27.01.2024 18:00:02,11.138,3.601,17.97
753,27.01.2024 19:00:02,11.0685
754,27.01.2024 20:00:02,10.9648
755,27.01.2024 21:00:02,10.8446
756,27.01.2024 22:00:02,10.7305
757,27.01.2024 23:00:02,10.602
758,28.01.2024 00:00:02,10.4859,3.601,17.29
759,28.01.2024 01:00:02,10.3731
760,28.01.2024 02:00:02,10.2727
761,28.01.2024 03:00:02,10.1799
762,28.01.2024 04:00:02,10.0846
763,28.01.2024 05:00:02,9.98864
764,28.01.2024 06:00:02,9.89828,3.598,16.74
765,28.01.2024 07:00:02,9.78725
766,28.01.2024 08:00:02,9.68833
767,28.01.2024 09:00:02,9.61118
768,28.01.2024 10:00:02,9.60983
769,28.01.2024 11:00:02,9.73436
770,28.01.2024 12:00:02,9.94618,3.599,16.92
771,28.01.2024 13:00:02,10.2932
772,28.01.2024 14:00:02,10.6228
773,28.01.2024 15:00:02,10.8563
774,28.01.2024 16:00:02,11.0639
775,28.01.2024 17:00:02,11.1465
776,28.01.2024 18:00:02,11.1458,3.603,18.21
777,28.01.2024 19:00:02,11.0733
778,28.01.2024 20:00:02,10.9369
779,28.01.2024 21:00:02,10.781
780,28.01.2024 22:00:02,10.6114
781,28.01.2024 23:00:02,10.4821
782,29.01.2024 00:00:02,10.3749,3.600,17.23
783,29.01.2024 01:00:02,10.2731
784,29.01.2024 02:00:02,10.2024
785,29.01.2024 03:00:02,10.1866
786,29.01.2024 04:00:02,10.1872
787,29.01.2024 05:00:02,10.1785
788,29.01.2024 06:00:02,10.1679,3.602,17.05
789,29.01.2024 07:00:02,10.1514
790,29.01.2024 08:00:02,10.1264
791,29.01.2024 09:00:02,10.1208
792,29.01.2024 10:00:02,10.1611
793,29.01.2024 11:00:02,10.2535
794,29.01.2024 12:00:02,10.4048,3.600,17.35
795,29.01.2024 13:00:02,10.6009
796,29.01.2024 14:00:02,10.8205
797,29.01.2024 15:00:02,11.0129
798,29.01.2024 16:00:02,11.137
799,29.01.2024 17:00:02,11.2044
800,29.01.2024 18:00:02,11.2137,3.601,18.21
801,29.01.2024 19:00:02,11.1643
802,29.01.2024 20:00:02,11.0542
803,29.01.2024 21:00:02,10.9284
804,29.01.2024 22:00:02,10.7885
805,29.01.2024 23:00:02,10.6275
806,30.01.2024 00:00:02,10.4779,3.600,17.35
807,30.01.2024 01:00:02,10.3275
808,30.01.2024 02:00:02,10.2012
809,30.01.2024 03:00:02,10.0763
810,30.01.2024 04:00:02,9.97542
811,30.01.2024 05:00:02,9.87608
812,30.01.2024 06:00:02,9.77716,3.599,16.56
813,30.01.2024 07:00:02,9.69197
814,30.01.2024 08:00:02,9.60075
815,30.01.2024 09:00:02,9.53394
816,30.01.2024 10:00:02,9.54233
817,30.01.2024 11:00:02,9.71044
818,30.01.2024 12:00:02,9.93419,3.600,16.74
819,30.01.2024 13:00:02,10.2815
820,30.01.2024 14:00:02,10.5713
821,30.01.2024 15:00:02,10.7973
822,30.01.2024 16:00:02,10.9708
823,30.01.2024 17:00:02,11.0623
824,30.01.2024 18:00:02,11.0812,3.602,18.09
825,30.01.2024 19:00:02,11.0304
826,30.01.2024 20:00:02,10.9498
827,30.01.2024 21:00:02,10.8257
828,30.01.2024 22:00:02,10.6918
829,30.01.2024 23:00:02,10.5751
830,31.01.2024 00:00:02,10.4597,3.599,17.29
831,31.01.2024 01:00:02,10.3971
832,31.01.2024 02:00:02,10.3711
833,31.01.2024 03:00:02,10.3698
834,31.01.2024 04:00:02,10.3389
835,31.01.2024 05:00:02,10.2597
836,31.01.2024 06:00:02,10.1475,3.600,16.99
837,31.01.2024 07:00:02,10.0145
838,31.01.2024 08:00:02,9.89406
839,31.01.2024 09:00:02,9.78055
840,31.01.2024 10:00:02,9.75471
841,31.01.2024 11:00:02,9.85211
842,31.01.2024 12:00:02,10.0131,3.600,16.74
843,31.01.2024 13:00:02,10.312
844,31.01.2024 14:00:02,10.6124
845,31.01.2024 15:00:02,10.8377
846,31.01.2024 16:00:02,11.0031
847,31.01.2024 17:00:02,11.0683
848,31.01.2024 18:00:02,11.0646,3.602,17.91
849,31.01.2024 19:00:02,10.9921
850,31.01.2024 20:00:02,10.8688
851,31.01.2024 21:00:02,10.72
852,31.01.2024 22:00:02,10.5818
853,31.01.2024 23:00:02,10.4652
854,01.02.2024 00:00:02,10.391,3.600,17.05
855,01.02.2024 01:00:02,10.3168
856,01.02.2024 02:00:02,10.3038
857,01.02.2024 03:00:02,10.3195
858,01.02.2024 04:00:02,10.3574
859,01.02.2024 05:00:02,10.3856
860,01.02.2024 06:00:02,10.3975,3.598,17.29
861,01.02.2024 07:00:02,10.4336
862,01.02.2024 08:00:02,10.4591
863,01.02.2024 09:00:02,10.4881
864,01.02.2024 10:00:02,10.5157
865,01.02.2024 11:00:02,10.5813
866,01.02.2024 12:00:02,10.6915,3.601,17.54
867,01.02.2024 13:00:02,10.8004
868,01.02.2024 14:00:02,10.889
869,01.02.2024 15:00:02,10.9814
870,01.02.2024 16:00:02,11.047
871,01.02.2024 17:00:02,11.0845
872,01.02.2024 18:00:02,11.0931,3.603,18.09
873,01.02.2024 19:00:02,11.0846
874,01.02.2024 20:00:02,11.0756
875,01.02.2024 21:00:02,11.0323
876,01.02.2024 22:00:02,11.0133
877,01.02.2024 23:00:02,10.9936
878,02.02.2024 00:00:02,10.9648,3.601,17.84
879,02.02.2024 01:00:02,10.896
880,02.02.2024 02:00:02,10.7743
881,02.02.2024 03:00:02,10.6536
882,02.02.2024 04:00:02,10.52
883,02.02.2024 05:00:02,10.3933
884,02.02.2024 06:00:02,10.2598,3.602,17.11
885,02.02.2024 07:00:02,10.1361
886,02.02.2024 08:00:02,9.98843
887,02.02.2024 09:00:02,9.89426
888,02.02.2024 10:00:02,9.87368
889,02.02.2024 11:00:02,9.97637
890,02.02.2024 12:00:02,10.1538,3.599,17.05
891,02.02.2024 13:00:02,10.4415
892,02.02.2024 14:00:02,10.6905
893,02.02.2024 15:00:02,10.8754
894,02.02.2024 16:00:02,10.9835
895,02.02.2024 17:00:02,11.0271
896,02.02.2024 18:00:02,11.0452,3.601,18.03
897,02.02.2024 19:00:02,11.0576
898,02.02.2024 20:00:02,11.0757
899,02.02.2024 21:00:02,11.0914
900,02.02.2024 22:00:02,11.0991
901,02.02.2024 23:00:02,11.088
902,03.02.2024 00:00:02,11.0628,3.600,17.84
903,03.02.2024 01:00:02,11.0532
904,03.02.2024 02:00:02,11.036
905,03.02.2024 03:00:02,11.0162
906,03.02.2024 04:00:02,11.0175
907,03.02.2024 05:00:02,11.0103
908,03.02.2024 06:00:02,10.9831,3.601,17.78
909,03.02.2024 07:00:02,10.8927
910,03.02.2024 08:00:02,10.7494
911,03.02.2024 09:00:02,10.5932
912,03.02.2024 10:00:02,10.5178
913,03.02.2024 11:00:02,10.5831
914,03.02.2024 12:00:02,10.7378,3.601,17.60
915,03.02.2024 13:00:02,10.9437
916,03.02.2024 14:00:02,11.1158
917,03.02.2024 15:00:02,11.2003
918,03.02.2024 16:00:02,11.2388
919,03.02.2024 17:00:02,11.2511
920,03.02.2024 18:00:02,11.2145,3.600,18.27
921,03.02.2024 19:00:02,11.1382
922,03.02.2024 20:00:02,11.0403
923,03.02.2024 21:00:02,10.9282
924,03.02.2024 22:00:02,10.7842
925,03.02.2024 23:00:02,10.6136
926,04.02.2024 00:00:02,10.4554,3.599,17.17
927,04.02.2024 01:00:02,10.288
928,04.02.2024 02:00:02,10.1386
929,04.02.2024 03:00:02,9.99004
930,04.02.2024 04:00:02,9.85985
931,04.02.2024 05:00:02,9.72007
932,04.02.2024 06:00:02,9.60027,3.598,16.49
933,04.02.2024 07:00:02,9.4823
934,04.02.2024 08:00:02,9.37104
935,04.02.2024 09:00:02,9.28677
936,04.02.2024 10:00:02,9.29365
937,04.02.2024 11:00:02,9.41462
938,04.02.2024 12:00:02,9.63415,3.598,16.31
939,04.02.2024 13:00:02,9.95459
940,04.02.2024 14:00:02,10.2745
941,04.02.2024 15:00:02,10.5261
942,04.02.2024 16:00:02,10.7181
943,04.02.2024 17:00:02,10.831
944,04.02.2024 18:00:02,10.855,3.600,17.84
945,04.02.2024 19:00:02,10.8072
946,04.02.2024 20:00:02,10.6845
947,04.02.2024 21:00:02,10.5561
948,04.02.2024 22:00:02,10.4222
949,04.02.2024 23:00:02,10.2739
950,05.02.2024 00:00:02,10.1307,3.598,17.05
951,05.02.2024 01:00:02,10.0022
952,05.02.2024 02:00:02,9.87655
953,05.02.2024 03:00:02,9.76293
954,05.02.2024 04:00:02,9.64446
955,05.02.2024 05:00:02,9.54162
956,05.02.2024 06:00:02,9.44751,3.596,16.31
957,05.02.2024 07:00:02,9.36128
958,05.02.2024 08:00:02,9.28154
959,05.02.2024 09:00:02,9.24515
960,05.02.2024 10:00:02,9.30934
961,05.02.2024 11:00:02,9.47317
962,05.02.2024 12:00:02,9.71968,3.599,16.68
963,05.02.2024 13:00:02,9.96098
964,05.02.2024 14:00:02,10.1703
965,05.02.2024 15:00:02,10.3437
966,05.02.2024 16:00:02,10.4675
967,05.02.2024 17:00:02,10.5548
968,05.02.2024 18:00:02,10.5964,3.599,17.60
969,05.02.2024 19:00:02,10.6151
970,05.02.2024 20:00:02,10.6152
971,05.02.2024 21:00:02,10.5892
972,05.02.2024 22:00:02,10.5118
973,05.02.2024 23:00:02,10.43
974,06.02.2024 00:00:02,10.3484,3.600,17.11
975,06.02.2024 01:00:02,10.2993
976,06.02.2024 02:00:02,10.2906
977,06.02.2024 03:00:02,10.2843
978,06.02.2024 04:00:02,10.2366
979,06.02.2024 05:00:02,10.1725
980,06.02.2024 06:00:02,10.0934,3.598,16.92
981,06.02.2024 07:00:02,10.017
982,06.02.2024 08:00:02,9.9206
983,06.02.2024 09:00:02,9.85489
984,06.02.2024 10:00:02,9.8607
985,06.02.2024 11:00:02,9.95354
986,06.02.2024 12:00:02,10.1341,3.598,17.11
987,06.02.2024 13:00:02,10.431
988,06.02.2024 14:00:02,10.7108
989,06.02.2024 15:00:02,10.9132
990,06.02.2024 16:00:02,11.0388
991,06.02.2024 17:00:02,11.0881
992,06.02.2024 18:00:02,11.0746,3.601,18.15
993,06.02.2024 19:00:02,10.9936
994,06.02.2024 20:00:02,10.848
995,06.02.2024 21:00:02,10.6774
996,06.02.2024 22:00:02,10.509
997,06.02.2024 23:00:02,10.3349
998,07.02.2024 00:00:02,10.1726,3.599,16.99
999,07.02.2024 01:00:02,10.0363
1000,07.02.2024 02:00:02,9.89971
1001,07.02.2024 03:00:02,9.77979
1002,07.02.2024 04:00:02,9.6775
1003,07.02.2024 05:00:02,9.60183
1004,07.02.2024 06:00:02,9.5423,3.598,16.49
1005,07.02.2024 07:00:02,9.50898
1006,07.02.2024 08:00:02,9.53183
1007,07.02.2024 09:00:02,9.58787
1008,07.02.2024 10:00:02,9.67347
1009,07.02.2024 11:00:02,9.82617
1010,07.02.2024 12:00:02,10.0049,3.598,16.86
1011,07.02.2024 13:00:02,10.1773
1012,07.02.2024 14:00:02,10.3619
1013,07.02.2024 15:00:02,10.6039
1014,07.02.2024 16:00:02,10.8707
1015,07.02.2024 17:00:02,11.0779
1016,07.02.2024 18:00:02,11.1755,3.599,17.97
1017,07.02.2024 19:00:02,11.1755
1018,07.02.2024 20:00:02,11.1332
1019,07.02.2024 21:00:02,11.0665
1020,07.02.2024 22:00:02,11.0075
1021,07.02.2024 23:00:02,11.0364
1022,08.02.2024 00:00:02,11.1115,3.601,18.03
1023,08.02.2024 01:00:02,11.1926
1024,08.02.2024 02:00:02,11.2392
1025,08.02.2024 03:00:02,11.2422
1026,08.02.2024 04:00:02,11.2745
1027,08.02.2024 05:00:02,11.3029
1028,08.02.2024 06:00:02,11.3438,3.601,18.34
1029,08.02.2024 07:00:02,11.3901
1030,08.02.2024 08:00:02,11.417
1031,08.02.2024 09:00:02,11.4104
1032,08.02.2024 10:00:02,11.4155
1033,08.02.2024 11:00:02,11.417
1034,08.02.2024 12:00:02,11.4375,3.601,18.27
1035,08.02.2024 13:00:02,11.4777
1036,08.02.2024 14:00:02,11.5513
1037,08.02.2024 15:00:02,11.6245
1038,08.02.2024 16:00:02,11.7443
1039,08.02.2024 17:00:02,11.7792
1040,08.02.2024 18:00:02,11.7897,3.602,18.95
1041,08.02.2024 19:00:02,11.798
1042,08.02.2024 20:00:02,11.8193
1043,08.02.2024 21:00:02,11.8263
1044,08.02.2024 22:00:02,11.7628
1045,08.02.2024 23:00:02,11.627
1046,09.02.2024 00:00:02,11.4789,3.601,18.46
1047,09.02.2024 01:00:02,11.3764
1048,09.02.2024 02:00:02,11.3109
1049,09.02.2024 03:00:02,11.2647
1050,09.02.2024 04:00:02,11.2356
1051,09.02.2024 05:00:02,11.1961
1052,09.02.2024 06:00:02,11.1436,3.601,17.91
1053,09.02.2024 07:00:02,11.0951
1054,09.02.2024 08:00:02,11.0323
1055,09.02.2024 09:00:02,10.9681
1056,09.02.2024 10:00:02,10.9852
1057,09.02.2024 11:00:02,11.1043
1058,09.02.2024 12:00:02,11.28,3.602,18.27
1059,09.02.2024 13:00:02,11.457
1060,09.02.2024 14:00:02,11.5768
1061,09.02.2024 15:00:02,11.6245
1062,09.02.2024 16:00:02,11.649
1063,09.02.2024 17:00:02,11.6568
1064,09.02.2024 18:00:02,11.4902,3.601,18.40
1065,09.02.2024 19:00:02,11.3906
1066,09.02.2024 20:00:02,11.3135
1067,09.02.2024 21:00:02,11.1816
1068,09.02.2024 22:00:02,11.0931
1069,09.02.2024 23:00:02,10.9823
1070,10.02.2024 00:00:02,10.8761,3.602,17.66
1071,10.02.2024 01:00:02,10.8269
1072,10.02.2024 02:00:02,10.679
1073,10.02.2024 03:00:02,10.5879
1074,10.02.2024 04:00:02,10.5085
1075,10.02.2024 05:00:02,10.4391
1076,10.02.2024 06:00:02,10.3927,3.597,17.23
1077,10.02.2024 07:00:02,10.3218
1078,10.02.2024 08:00:02,10.2403
1079,10.02.2024 09:00:02,10.1847
1080,10.02.2024 10:00:02,10.1721
1081,10.02.2024 11:00:02,10.1856
1082,10.02.2024 12:00:02,10.2211,3.600,17.05
1083,10.02.2024 13:00:02,10.2994
1084,10.02.2024 14:00:02,10.3563
1085,10.02.2024 15:00:02,10.4215
1086,10.02.2024 16:00:02,10.468
1087,10.02.2024 17:00:02,10.4487
1088,10.02.2024 18:00:02,10.4092,3.599,17.17
1089,10.02.2024 19:00:02,10.3335
1090,10.02.2024 20:00:02,10.2249
1091,10.02.2024 21:00:02,10.1465
1092,10.02.2024 22:00:02,10.0788
1093,10.02.2024 23:00:02,10.0243
1094,11.02.2024 00:00:02,9.99295,3.598,16.68
1095,11.02.2024 01:00:02,9.95364
1096,11.02.2024 02:00:02,9.90813
1097,11.02.2024 03:00:02,9.88022
1098,11.02.2024 04:00:02,9.85902
1099,11.02.2024 05:00:02,9.83681
1100,11.02.2024 06:00:02,9.82452,3.598,16.49
1101,11.02.2024 07:00:02,9.81527
1102,11.02.2024 08:00:02,9.78589
1103,11.02.2024 09:00:02,9.79597
1104,11.02.2024 10:00:02,9.8612
1105,11.02.2024 11:00:02,9.98505
1106,11.02.2024 12:00:02,10.146,3.597,17.17
1107,11.02.2024 13:00:02,10.4234
1108,11.02.2024 14:00:02,10.63
1109,11.02.2024 15:00:02,10.7567
1110,11.02.2024 16:00:02,10.812
1111,11.02.2024 17:00:02,10.8247
1112,11.02.2024 18:00:02,10.8072,3.600,17.78
1113,11.02.2024 19:00:02,10.7377
1114,11.02.2024 20:00:02,10.6621
1115,11.02.2024 21:00:02,10.6019
1116,11.02.2024 22:00:02,10.5466
1117,11.02.2024 23:00:02,10.4847
1118,12.02.2024 00:00:02,10.3962,3.599,17.17
1119,12.02.2024 01:00:02,10.2874
1120,12.02.2024 02:00:02,10.1592
1121,12.02.2024 03:00:02,10.0436
1122,12.02.2024 04:00:02,9.9555
1123,12.02.2024 05:00:02,9.88404
1124,12.02.2024 06:00:02,10.0134,3.599,16.92
1125,12.02.2024 07:00:02,10.1846
1126,12.02.2024 08:00:02,10.2509
1127,12.02.2024 09:00:02,10.292
1128,12.02.2024 10:00:02,10.3346
1129,12.02.2024 11:00:02,10.4096
1130,12.02.2024 12:00:02,10.5017,3.600,17.29
1131,12.02.2024 13:00:02,10.601
1132,12.02.2024 14:00:02,10.7178
1133,12.02.2024 15:00:02,10.7981
1134,12.02.2024 16:00:02,10.8697
1135,12.02.2024 17:00:02,10.8891
1136,12.02.2024 18:00:02,10.8542,3.599,17.78
1137,12.02.2024 19:00:02,10.7917
1138,12.02.2024 20:00:02,10.6921
1139,12.02.2024 21:00:02,10.5946
1140,12.02.2024 22:00:02,10.5095
1141,12.02.2024 23:00:02,10.4233
1142,13.02.2024 00:00:02,10.3543,3.598,17.23
1143,13.02.2024 01:00:02,10.3062
1144,13.02.2024 02:00:02,10.2447
1145,13.02.2024 03:00:02,10.1561
1146,13.02.2024 04:00:02,10.0509
1147,13.02.2024 05:00:02,9.93216
1148,13.02.2024 06:00:02,9.8031,3.598,16.68
1149,13.02.2024 07:00:02,9.67581
1150,13.02.2024 08:00:02,9.55833
1151,13.02.2024 09:00:02,9.51069
1152,13.02.2024 10:00:02,9.59552
1153,13.02.2024 11:00:02,9.77801
1154,13.02.2024 12:00:02,10.0233,3.598,16.80
1155,13.02.2024 13:00:02,10.4695
1156,13.02.2024 14:00:02,10.8989
1157,13.02.2024 15:00:02,11.1849
1158,13.02.2024 16:00:02,11.4122
1159,13.02.2024 17:00:02,11.5599
1160,13.02.2024 18:00:02,11.5879,3.602,18.64
1161,13.02.2024 19:00:02,11.531
1162,13.02.2024 20:00:02,11.407
1163,13.02.2024 21:00:02,11.2367
1164,13.02.2024 22:00:02,11.061
1165,13.02.2024 23:00:02,10.8745
1166,14.02.2024 00:00:02,10.7029,3.599,17.66
1167,14.02.2024 01:00:02,10.5395
1168,14.02.2024 02:00:02,10.3886
1169,14.02.2024 03:00:02,10.2462
1170,14.02.2024 04:00:02,10.1321
1171,14.02.2024 05:00:02,10.0381
1172,14.02.2024 06:00:02,9.97673,3.597,16.80
1173,14.02.2024 07:00:02,9.92439
1174,14.02.2024 08:00:02,9.88643
1175,14.02.2024 09:00:02,9.89882
1176,14.02.2024 10:00:02,9.98479
1177,14.02.2024 11:00:02,10.1713
1178,14.02.2024 12:00:02,10.4147,3.599,17.41
1179,14.02.2024 13:00:02,10.7437
1180,14.02.2024 14:00:02,11.0555
1181,14.02.2024 15:00:02,11.3025
1182,14.02.2024 16:00:02,11.5014
1183,14.02.2024 17:00:02,11.6368
1184,14.02.2024 18:00:02,11.6857,3.600,18.64
1185,14.02.2024 19:00:02,11.6479
1186,14.02.2024 20:00:02,11.5596
1187,14.02.2024 21:00:02,11.4675
1188,14.02.2024 22:00:02,11.3886
1189,14.02.2024 23:00:02,11.3139
1190,15.02.2024 00:00:02,11.2746,3.601,18.27
1191,15.02.2024 01:00:02,11.2753
1192,15.02.2024 02:00:02,11.3077
1193,15.02.2024 03:00:02,11.326
1194,15.02.2024 04:00:02,11.3609
1195,15.02.2024 05:00:02,11.4113
1196,15.02.2024 06:00:02,11.4724,3.601,18.52
1197,15.02.2024 07:00:02,11.5081
1198,15.02.2024 08:00:02,11.558
1199,15.02.2024 09:00:02,11.591
1200,15.02.2024 10:00:02,11.7621
1201,15.02.2024 11:00:02,11.972
1202,15.02.2024 12:00:02,12.2157,3.602,19.50
1203,15.02.2024 13:00:02,12.4735
1204,15.02.2024 14:00:02,12.6473
1205,15.02.2024 15:00:02,12.6696
1206,15.02.2024 16:00:02,12.6171
1207,15.02.2024 17:00:02,12.4865
1208,15.02.2024 18:00:02,12.3589,3.602,19.50
1209,15.02.2024 19:00:02,12.2546
1210,15.02.2024 20:00:02,12.1806
1211,15.02.2024 21:00:02,12.1281
1212,15.02.2024 22:00:02,12.0694
1213,15.02.2024 23:00:02,12.0021
1214,16.02.2024 00:00:02,11.9223,3.603,18.95
1215,16.02.2024 01:00:02,11.8186
1216,16.02.2024 02:00:02,11.744
1217,16.02.2024 03:00:02,11.6902
1218,16.02.2024 04:00:02,11.6363
1219,16.02.2024 05:00:02,11.5935
1220,16.02.2024 06:00:02,11.5385,3.601,18.46
1221,16.02.2024 07:00:02,11.5094
1222,16.02.2024 08:00:02,11.4926
1223,16.02.2024 09:00:02,11.4926
1224,16.02.2024 10:00:02,11.5556
1225,16.02.2024 11:00:02,11.6684
1226,16.02.2024 12:00:02,11.7724,3.602,18.83
1227,16.02.2024 13:00:02,11.9403
1228,16.02.2024 14:00:02,12.0617
1229,16.02.2024 15:00:02,12.1547
1230,16.02.2024 16:00:02,12.2267
1231,16.02.2024 17:00:02,12.2338
1232,16.02.2024 18:00:02,12.1687,3.601,19.32
1233,16.02.2024 19:00:02,12.0523
1234,16.02.2024 20:00:02,11.8972
1235,16.02.2024 21:00:02,11.7126
1236,16.02.2024 22:00:02,11.5185
1237,16.02.2024 23:00:02,11.3255
1238,17.02.2024 00:00:02,11.1471,3.601,17.97
1239,17.02.2024 01:00:02,10.9682
1240,17.02.2024 02:00:02,10.8132
1241,17.02.2024 03:00:02,10.6607
1242,17.02.2024 04:00:02,10.5219
1243,17.02.2024 05:00:02,10.3939
1244,17.02.2024 06:00:02,10.2747,3.599,17.05
1245,17.02.2024 07:00:02,10.1788
1246,17.02.2024 08:00:02,10.0547
1247,17.02.2024 09:00:02,9.98919
1248,17.02.2024 10:00:02,10.0309
1249,17.02.2024 11:00:02,10.2143
1250,17.02.2024 12:00:02,10.4581,3.600,17.41
1251,17.02.2024 13:00:02,10.812
1252,17.02.2024 14:00:02,11.1715
1253,17.02.2024 15:00:02,11.4428
1254,17.02.2024 16:00:02,11.6599
1255,17.02.2024 17:00:02,11.7926
1256,17.02.2024 18:00:02,11.8233,3.602,18.95
1257,17.02.2024 19:00:02,11.7591
1258,17.02.2024 20:00:02,11.6495
1259,17.02.2024 21:00:02,11.5129
1260,17.02.2024 22:00:02,11.3414
1261,17.02.2024 23:00:02,11.1719
1262,18.02.2024 00:00:02,11.0145,3.599,17.91
1263,18.02.2024 01:00:02,10.8771
1264,18.02.2024 02:00:02,10.7531
1265,18.02.2024 03:00:02,10.6149
1266,18.02.2024 04:00:02,10.501
1267,18.02.2024 05:00:02,10.395
1268,18.02.2024 06:00:02,10.3036,3.599,17.11
1269,18.02.2024 07:00:02,10.2386
1270,18.02.2024 08:00:02,10.1923
1271,18.02.2024 09:00:02,10.1965
1272,18.02.2024 10:00:02,10.3043
1273,18.02.2024 11:00:02,10.5159
1274,18.02.2024 12:00:02,10.8055,3.600,17.54
1275,18.02.2024 13:00:02,11.1275
1276,18.02.2024 14:00:02,11.3815
1277,18.02.2024 15:00:02,11.6131
1278,18.02.2024 16:00:02,11.8103
1279,18.02.2024 17:00:02,11.9084
1280,18.02.2024 18:00:02,11.9175,3.601,18.89
1281,18.02.2024 19:00:02,11.9027
1282,18.02.2024 20:00:02,11.8782
1283,18.02.2024 21:00:02,11.8691
1284,18.02.2024 22:00:02,11.8691
1285,18.02.2024 23:00:02,11.8789
1286,19.02.2024 00:00:02,11.8743,3.602,18.76
1287,19.02.2024 01:00:02,11.8842
1288,19.02.2024 02:00:02,11.8771
1289,19.02.2024 03:00:02,11.8819
1290,19.02.2024 04:00:02,11.8931
1291,19.02.2024 05:00:02,11.8999
1292,19.02.2024 06:00:02,11.9006,3.601,18.95
1293,19.02.2024 07:00:02,11.9035
1294,19.02.2024 08:00:02,11.8942
1295,19.02.2024 09:00:02,11.9098
1296,19.02.2024 10:00:02,11.9598
1297,19.02.2024 11:00:02,12.0202
1298,19.02.2024 12:00:02,12.1132,3.603,19.19
1299,19.02.2024 13:00:02,12.2218
1300,19.02.2024 14:00:02,12.2597
1301,19.02.2024 15:00:02,12.3082
1302,19.02.2024 16:00:02,12.3229
1303,19.02.2024 17:00:02,12.3168
1304,19.02.2024 18:00:02,12.2502,3.603,19.32
1305,19.02.2024 19:00:02,12.1402
1306,19.02.2024 20:00:02,12.0537
1307,19.02.2024 21:00:02,11.9865
1308,19.02.2024 22:00:02,11.9388
1309,19.02.2024 23:00:02,11.903
1310,20.02.2024 00:00:02,11.8664,3.602,18.83
1311,20.02.2024 01:00:02,11.822
1312,20.02.2024 02:00:02,11.7854
1313,20.02.2024 03:00:02,11.716
1314,20.02.2024 04:00:02,11.6237
1315,20.02.2024 05:00:02,11.5555
1316,20.02.2024 06:00:02,11.5366,3.601,18.34
1317,20.02.2024 07:00:02,11.5185
1318,20.02.2024 08:00:02,11.4875
1319,20.02.2024 09:00:02,11.481
1320,20.02.2024 10:00:02,11.4838
1321,20.02.2024 11:00:02,11.5266
1322,20.02.2024 12:00:02,11.5931,3.600,18.52
1323,20.02.2024 13:00:02,11.7335
1324,20.02.2024 14:00:02,11.8645
1325,20.02.2024 15:00:02,11.9522
1326,20.02.2024 16:00:02,12.059
1327,20.02.2024 17:00:02,12.1242
1328,20.02.2024 18:00:02,12.1318,3.602,19.13
1329,20.02.2024 19:00:02,12.0628
1330,20.02.2024 20:00:02,11.9387
1331,20.02.2024 21:00:02,11.7869
1332,20.02.2024 22:00:02,11.6189
1333,20.02.2024 23:00:02,11.4476
1334,21.02.2024 00:00:02,11.3002,3.600,18.15
1335,21.02.2024 01:00:02,11.1479
1336,21.02.2024 02:00:02,10.9986
1337,21.02.2024 03:00:02,10.8979
1338,21.02.2024 04:00:02,10.8208
1339,21.02.2024 05:00:02,10.7662
1340,21.02.2024 06:00:02,10.6973,3.598,17.54
1341,21.02.2024 07:00:02,10.651
1342,21.02.2024 08:00:02,10.6355
1343,21.02.2024 09:00:02,10.6533
1344,21.02.2024 10:00:02,10.7557
1345,21.02.2024 11:00:02,10.907
1346,21.02.2024 12:00:02,11.0991,3.600,17.91
1347,21.02.2024 13:00:02,11.3303
1348,21.02.2024 14:00:02,11.5497
1349,21.02.2024 15:00:02,11.7658
1350,21.02.2024 16:00:02,11.9407
1351,21.02.2024 17:00:02,12.0389
1352,21.02.2024 18:00:02,12.083,3.602,19.13
1353,21.02.2024 19:00:02,12.0882
1354,21.02.2024 20:00:02,12.0615
1355,21.02.2024 21:00:02,12.0437
1356,21.02.2024 22:00:02,12.0057
1357,21.02.2024 23:00:02,11.9721
1358,22.02.2024 00:00:02,11.9202,3.602,19.01
1359,22.02.2024 01:00:02,11.8373
1360,22.02.2024 02:00:02,11.7218
1361,22.02.2024 03:00:02,11.5828
1362,22.02.2024 04:00:02,11.4426
1363,22.02.2024 05:00:02,11.3223
1364,22.02.2024 06:00:02,11.1952,3.600,18.15
1365,22.02.2024 07:00:02,11.1025
1366,22.02.2024 08:00:02,11.0267
1367,22.02.2024 09:00:02,11.0148
1368,22.02.2024 10:00:02,11.0755
1369,22.02.2024 11:00:02,11.2977
1370,22.02.2024 12:00:02,11.5026,3.602,18.40
1371,22.02.2024 13:00:02,11.5033
1372,22.02.2024 14:00:02,11.4805
1373,22.02.2024 15:00:02,11.398
1374,22.02.2024 16:00:02,11.2858
1375,22.02.2024 17:00:02,11.2005
1376,22.02.2024 18:00:02,11.1162,3.601,17.97
1377,22.02.2024 19:00:02,11.0347
1378,22.02.2024 20:00:02,10.9244
1379,22.02.2024 21:00:02,10.8118
1380,22.02.2024 22:00:02,10.7129
1381,22.02.2024 23:00:02,10.6313
1382,23.02.2024 00:00:02,10.5554,3.598,17.29
1383,23.02.2024 01:00:02,10.4724
1384,23.02.2024 02:00:02,10.3544
1385,23.02.2024 03:00:02,10.2423
1386,23.02.2024 04:00:02,10.1728
1387,23.02.2024 05:00:02,10.1048
1388,23.02.2024 06:00:02,10.0472,3.596,16.68
1389,23.02.2024 07:00:02,10.0069
1390,23.02.2024 08:00:02,9.95848
1391,23.02.2024 09:00:02,9.91791
1392,23.02.2024 10:00:02,9.90718
1393,23.02.2024 11:00:02,9.89984
1394,23.02.2024 12:00:02,9.9113,3.596,16.62
1395,23.02.2024 13:00:02,9.9607
1396,23.02.2024 14:00:02,9.96713
1397,23.02.2024 15:00:02,9.87004
1398,23.02.2024 16:00:02,9.6329
1399,23.02.2024 17:00:02,9.57872
1400,23.02.2024 18:00:02,9.5649,3.598,16.31
1401,23.02.2024 19:00:02,9.45968
1402,23.02.2024 20:00:02,9.33684
1403,23.02.2024 21:00:02,9.20483
1404,23.02.2024 22:00:02,9.15984
1405,23.02.2024 23:00:02,9.12164
1406,24.02.2024 00:00:02,8.99554,3.595,15.57
1407,24.02.2024 01:00:02,8.9519
1408,24.02.2024 02:00:02,8.78703
1409,24.02.2024 03:00:02,8.68365
1410,24.02.2024 04:00:02,8.6967
1411,24.02.2024 05:00:02,8.65432
1412,24.02.2024 06:00:02,8.5889,3.595,15.39
1413,24.02.2024 07:00:02,8.33637
1414,24.02.2024 08:00:02,8.2069
1415,24.02.2024 09:00:02,8.2793
1416,24.02.2024 10:00:02,8.3796
1417,24.02.2024 11:00:02,8.50438
1418,24.02.2024 12:00:02,8.68878,3.593,15.45
1419,24.02.2024 13:00:02,8.85523
1420,24.02.2024 14:00:02,9.00808
1421,24.02.2024 15:00:02,9.15696
1422,24.02.2024 16:00:02,9.29821
1423,24.02.2024 17:00:02,9.4007
1424,24.02.2024 18:00:02,9.46457,3.597,16.31
1425,24.02.2024 19:00:02,9.48975
1426,24.02.2024 20:00:02,9.49795
1427,24.02.2024 21:00:02,9.50375
1428,24.02.2024 22:00:02,9.47747
1429,24.02.2024 23:00:02,9.45784
1430,25.02.2024 00:00:02,9.48981,3.596,16.37
1431,25.02.2024 01:00:02,9.56261
1432,25.02.2024 02:00:02,9.65715
1433,25.02.2024 03:00:02,9.7469
1434,25.02.2024 04:00:02,9.83341
1435,25.02.2024 05:00:02,9.90479
1436,25.02.2024 06:00:02,9.98898,3.598,16.86
1437,25.02.2024 07:00:02,10.0901
1438,25.02.2024 08:00:02,10.1989
1439,25.02.2024 09:00:02,10.2825
1440,25.02.2024 10:00:02,10.3813
1441,25.02.2024 11:00:02,10.5001
1442,25.02.2024 12:00:02,10.5916,3.600,17.48
1443,25.02.2024 13:00:02,10.673
1444,25.02.2024 14:00:02,10.7654
1445,25.02.2024 15:00:02,10.9313
1446,25.02.2024 16:00:02,10.9651
1447,25.02.2024 17:00:02,10.9342
1448,25.02.2024 18:00:02,10.894,3.597,17.66
1449,25.02.2024 19:00:02,10.8586
1450,25.02.2024 20:00:02,10.7938
1451,25.02.2024 21:00:02,10.7318
1452,25.02.2024 22:00:02,10.6806
1453,25.02.2024 23:00:02,10.6268
1454,26.02.2024 00:00:02,10.5591,3.597,17.23
1455,26.02.2024 01:00:02,10.4841
1456,26.02.2024 02:00:02,10.3903
1457,26.02.2024 03:00:02,10.2893
1458,26.02.2024 04:00:02,10.052
1459,26.02.2024 05:00:02,9.89956
1460,26.02.2024 06:00:02,9.83525,3.597,16.56
1461,26.02.2024 07:00:02,9.77132
1462,26.02.2024 08:00:02,9.55172
1463,26.02.2024 09:00:02,9.36103
1464,26.02.2024 10:00:02,9.1239
1465,26.02.2024 11:00:02,9.1055
1466,26.02.2024 12:00:02,9.12672,3.596,16.00
1467,26.02.2024 13:00:02,9.09521
1468,26.02.2024 14:00:02,9.11146
1469,26.02.2024 15:00:02,9.1543
1470,26.02.2024 16:00:02,9.18091
1471,26.02.2024 17:00:02,9.19577
1472,26.02.2024 18:00:02,9.22761,3.595,16.13
1473,26.02.2024 19:00:02,9.21881
1474,26.02.2024 20:00:02,9.22452
1475,26.02.2024 21:00:02,9.22077
1476,26.02.2024 22:00:02,9.20597
1477,26.02.2024 23:00:02,9.15186
1478,27.02.2024 00:00:02,8.97619,3.592,15.82
1479,27.02.2024 01:00:02,8.86523
1480,27.02.2024 02:00:02,8.85566
1481,27.02.2024 03:00:02,8.89187
1482,27.02.2024 04:00:02,8.94756
1483,27.02.2024 05:00:02,8.98601
1484,27.02.2024 06:00:02,9.00364,3.594,15.88
1485,27.02.2024 07:00:02,8.99004
1486,27.02.2024 08:00:02,8.97533
1487,27.02.2024 09:00:02,8.99743
1488,27.02.2024 10:00:02,9.09515
1489,27.02.2024 11:00:02,9.20355
1490,27.02.2024 12:00:02,9.33611,3.595,16.19
1491,27.02.2024 13:00:02,9.46653
1492,27.02.2024 14:00:02,9.58352
1493,27.02.2024 15:00:02,9.69802
1494,27.02.2024 16:00:02,9.78007
1495,27.02.2024 17:00:02,9.82761
1496,27.02.2024 18:00:02,9.83806,3.596,16.49
1497,27.02.2024 19:00:02,9.83911
1498,27.02.2024 20:00:02,9.77545
1499,27.02.2024 21:00:02,9.72948
1500,27.02.2024 22:00:02,9.68376
1501,27.02.2024 23:00:02,9.61696
1502,28.02.2024 00:00:02,9.54426,3.596,16.19
1503,28.02.2024 01:00:02,9.45943
1504,28.02.2024 02:00:02,9.43113
1505,28.02.2024 03:00:02,9.44704
1506,28.02.2024 04:00:02,9.46591
1507,28.02.2024 05:00:02,9.47946
1508,28.02.2024 06:00:02,9.49287,3.595,16.31
1509,28.02.2024 07:00:02,9.48928
1510,28.02.2024 08:00:02,9.50825
1511,28.02.2024 09:00:02,9.54394
1512,28.02.2024 10:00:02,9.63578
1513,28.02.2024 11:00:02,9.73703
1514,28.02.2024 12:00:02,9.88971,3.596,16.74
1515,28.02.2024 13:00:02,10.0748
1516,28.02.2024 14:00:02,10.2522
1517,28.02.2024 15:00:02,10.3983
1518,28.02.2024 16:00:02,10.5172
1519,28.02.2024 17:00:02,10.5988
1520,28.02.2024 18:00:02,10.615,3.597,17.60
1521,28.02.2024 19:00:02,10.5776
1522,28.02.2024 20:00:02,10.5225
1523,28.02.2024 21:00:02,10.4905
1524,28.02.2024 22:00:02,10.4639
1525,28.02.2024 23:00:02,10.449
1526,29.02.2024 00:00:02,10.4414,3.598,17.11
1527,29.02.2024 01:00:02,10.4492
1528,29.02.2024 02:00:02,10.4585
1529,29.02.2024 03:00:02,10.4762
1530,29.02.2024 04:00:02,10.4831
1531,29.02.2024 05:00:02,10.4839
1532,29.02.2024 06:00:02,10.4484,3.596,17.11
1533,29.02.2024 07:00:02,10.3593
1534,29.02.2024 08:00:02,10.2411
1535,29.02.2024 09:00:02,10.1762
1536,29.02.2024 10:00:02,10.2408
1537,29.02.2024 11:00:02,10.3208
1538,29.02.2024 12:00:02,10.2982,3.596,17.05
1539,29.02.2024 13:00:02,10.3465
1540,29.02.2024 14:00:02,10.302
1541,29.02.2024 15:00:02,10.1418
1542,29.02.2024 16:00:02,9.98919
1543,29.02.2024 17:00:02,9.90853
1544,29.02.2024 18:00:02,9.81283,3.594,16.62
1545,29.02.2024 19:00:02,9.69454
1546,29.02.2024 20:00:02,9.53129
1547,29.02.2024 21:00:02,9.43309
1548,29.02.2024 22:00:02,9.36011
1549,29.02.2024 23:00:02,9.30952
1550,01.03.2024 00:00:02,9.2553,3.594,15.88
1551,01.03.2024 01:00:02,9.21175
1552,01.03.2024 02:00:02,9.17027
1553,01.03.2024 03:00:02,9.14534
1554,01.03.2024 04:00:02,9.12988
1555,01.03.2024 05:00:02,9.14107
1556,01.03.2024 06:00:02,9.17483,3.594,15.70
1557,01.03.2024 07:00:02,9.23582
1558,01.03.2024 08:00:02,9.29036
1559,01.03.2024 09:00:02,9.37715
1560,01.03.2024 10:00:02,9.4825
1561,01.03.2024 11:00:02,9.60613
1562,01.03.2024 12:00:02,9.73145,3.596,16.62
1563,01.03.2024 13:00:02,9.84663
1564,01.03.2024 14:00:02,9.97034
1565,01.03.2024 15:00:02,10.1104
1566,01.03.2024 16:00:02,10.2259
1567,01.03.2024 17:00:02,10.2662
1568,01.03.2024 18:00:02,10.2445,3.597,17.17
1569,01.03.2024 19:00:02,10.2045
1570,01.03.2024 20:00:02,10.1718
1571,01.03.2024 21:00:02,10.1334
1572,01.03.2024 22:00:02,10.0816
1573,01.03.2024 23:00:02,10.0455
1574,02.03.2024 00:00:02,10.0328,3.595,16.86
1575,02.03.2024 01:00:02,10.0169
1576,02.03.2024 02:00:02,10.0122
1577,02.03.2024 03:00:02,10.0106
1578,02.03.2024 04:00:02,10.0024
1579,02.03.2024 05:00:02,9.99371
1580,02.03.2024 06:00:02,9.99916,3.594,16.62
1581,02.03.2024 07:00:02,9.99951
1582,02.03.2024 08:00:02,9.87833
1583,02.03.2024 09:00:02,9.54774
1584,02.03.2024 10:00:02,9.39217
1585,02.03.2024 11:00:02,9.32274
1586,02.03.2024 12:00:02,9.26983,3.593,16.00
1587,02.03.2024 13:00:02,9.2541
1588,02.03.2024 14:00:02,9.23377
1589,02.03.2024 15:00:02,9.28375
1590,02.03.2024 16:00:02,9.32424
1591,02.03.2024 17:00:02,9.19642
1592,02.03.2024 18:00:02,9.03129,3.593,15.76
1593,02.03.2024 19:00:02,8.83386
1594,02.03.2024 20:00:02,8.4941
1595,02.03.2024 21:00:02,8.34978
1596,02.03.2024 22:00:02,8.33052
1597,02.03.2024 23:00:02,8.31556
1598,03.03.2024 00:00:02,8.29333,3.592,14.90
1599,03.03.2024 01:00:02,8.18194
1600,03.03.2024 02:00:02,8.15025
1601,03.03.2024 03:00:02,8.14988
1602,03.03.2024 04:00:02,8.13565
1603,03.03.2024 05:00:02,8.12554
1604,03.03.2024 06:00:02,8.08072,3.590,14.72
1605,03.03.2024 07:00:02,8.05082
1606,03.03.2024 08:00:02,8.04142
1607,03.03.2024 09:00:02,8.06252
1608,03.03.2024 10:00:02,8.12101
1609,03.03.2024 11:00:02,8.23105
1610,03.03.2024 12:00:02,8.33965,3.592,15.02
1611,03.03.2024 13:00:02,8.23894
1612,03.03.2024 14:00:02,8.33547
1613,03.03.2024 15:00:02,8.44295
1614,03.03.2024 16:00:02,8.62905
1615,03.03.2024 17:00:02,8.71704
1616,03.03.2024 18:00:02,8.7645,3.593,15.39
1617,03.03.2024 19:00:02,8.78391
1618,03.03.2024 20:00:02,8.76596
1619,03.03.2024 21:00:02,8.7129
1620,03.03.2024 22:00:02,8.65781
1621,03.03.2024 23:00:02,8.65535
1622,04.03.2024 00:00:02,8.65648,3.591,15.27
1623,04.03.2024 01:00:02,8.66297
1624,04.03.2024 02:00:02,8.68991
1625,04.03.2024 03:00:02,8.71058
1626,04.03.2024 04:00:02,8.72924
1627,04.03.2024 05:00:02,8.74122
1628,04.03.2024 06:00:02,8.74572,3.592,15.33
1629,04.03.2024 07:00:02,8.73117
1630,04.03.2024 08:00:02,8.73462
1631,04.03.2024 09:00:02,8.76309
1632,04.03.2024 10:00:02,8.8148
1633,04.03.2024 11:00:02,8.88572
1634,04.03.2024 12:00:02,9.06077,3.592,15.76
1635,04.03.2024 13:00:02,9.24537
1636,04.03.2024 14:00:02,9.44194
1637,04.03.2024 15:00:02,9.60583
1638,04.03.2024 16:00:02,9.74587
1639,04.03.2024 17:00:02,9.77016
1640,04.03.2024 18:00:02,9.74345,3.593,16.62
1641,04.03.2024 19:00:02,9.66064
1642,04.03.2024 20:00:02,9.57283
1643,04.03.2024 21:00:02,9.48124
1644,04.03.2024 22:00:02,9.39155
1645,04.03.2024 23:00:02,9.32417
1646,05.03.2024 00:00:02,9.26332,3.592,15.88
1647,05.03.2024 01:00:02,9.23447
1648,05.03.2024 02:00:02,9.21383
1649,05.03.2024 03:00:02,9.18724
1650,05.03.2024 04:00:02,9.14975
1651,05.03.2024 05:00:02,9.1176
1652,05.03.2024 06:00:02,9.07846,3.592,15.64
1653,05.03.2024 07:00:02,9.04724
1654,05.03.2024 08:00:02,9.01377
1655,05.03.2024 09:00:02,9.01502
1656,05.03.2024 10:00:02,9.09176
1657,05.03.2024 11:00:02,9.21529
1658,05.03.2024 12:00:02,9.36211,3.593,16.13
1659,05.03.2024 13:00:02,9.56631
1660,05.03.2024 14:00:02,9.71923
1661,05.03.2024 15:00:02,9.82472
1662,05.03.2024 16:00:02,9.9149
1663,05.03.2024 17:00:02,9.95392
1664,05.03.2024 18:00:02,9.96643,3.592,16.92
1665,05.03.2024 19:00:02,9.92602
1666,05.03.2024 20:00:02,9.82078
1667,05.03.2024 21:00:02,9.66558
1668,05.03.2024 22:00:02,9.49197
1669,05.03.2024 23:00:02,9.32293
1670,06.03.2024 00:00:02,9.15645,3.592,15.94
1671,06.03.2024 01:00:02,8.9935
1672,06.03.2024 02:00:02,8.84397
1673,06.03.2024 03:00:02,8.71196
1674,06.03.2024 04:00:02,8.57937
1675,06.03.2024 05:00:02,8.46564
1676,06.03.2024 06:00:02,8.37442,3.591,14.90
1677,06.03.2024 07:00:02,8.30487
1678,06.03.2024 08:00:02,8.24679
1679,06.03.2024 09:00:02,8.26441
1680,06.03.2024 10:00:02,8.37246
1681,06.03.2024 11:00:02,8.5801
1682,06.03.2024 12:00:02,8.86672,3.592,15.57
1683,06.03.2024 13:00:02,9.21217
1684,06.03.2024 14:00:02,9.44719
1685,06.03.2024 15:00:02,9.62219
1686,06.03.2024 16:00:02,9.78575
1687,06.03.2024 17:00:02,9.86052
1688,06.03.2024 18:00:02,9.86691,3.594,16.56
1689,06.03.2024 19:00:02,9.83431
1690,06.03.2024 20:00:02,9.77768
1691,06.03.2024 21:00:02,9.74119
1692,06.03.2024 22:00:02,9.71888
1693,06.03.2024 23:00:02,9.68991
1694,07.03.2024 00:00:02,9.61154,3.593,16.31
1695,07.03.2024 01:00:02,9.51272
1696,07.03.2024 02:00:02,9.39202
1697,07.03.2024 03:00:02,9.28282
1698,07.03.2024 04:00:02,9.1826
1699,07.03.2024 05:00:02,9.17048
1700,07.03.2024 06:00:02,9.20688,3.592,15.94
1701,07.03.2024 07:00:02,9.24756
1702,07.03.2024 08:00:02,9.28267
1703,07.03.2024 09:00:02,9.32396
1704,07.03.2024 10:00:02,9.42437
1705,07.03.2024 11:00:02,9.61717
1706,07.03.2024 12:00:02,9.86474,3.593,16.80
1707,07.03.2024 13:00:02,10.1299
1708,07.03.2024 14:00:02,10.3704
1709,07.03.2024 15:00:02,10.5507
1710,07.03.2024 16:00:02,10.6656
1711,07.03.2024 17:00:02,10.6722
1712,07.03.2024 18:00:02,10.5657,3.595,17.41
1713,07.03.2024 19:00:02,10.4809
1714,07.03.2024 20:00:02,10.3877
1715,07.03.2024 21:00:02,10.3114
1716,07.03.2024 22:00:02,10.233
1717,07.03.2024 23:00:02,10.1424
1718,08.03.2024 00:00:02,10.0284,3.595,16.74
1719,08.03.2024 01:00:02,9.95354
1720,08.03.2024 02:00:02,9.88882
1721,08.03.2024 03:00:02,9.81414
1722,08.03.2024 04:00:02,9.71255
1723,08.03.2024 05:00:02,9.55997
1724,08.03.2024 06:00:02,9.41444,3.593,16.13
1725,08.03.2024 07:00:02,9.24866
1726,08.03.2024 08:00:02,9.09311
1727,08.03.2024 09:00:02,9.02043
1728,08.03.2024 10:00:02,9.14006
1729,08.03.2024 11:00:02,9.37029
1730,08.03.2024 12:00:02,9.49192,3.592,16.25
1731,08.03.2024 13:00:02,9.48815
1732,08.03.2024 14:00:02,9.55839
1733,08.03.2024 15:00:02,9.65566
1734,08.03.2024 16:00:02,9.76874
1735,08.03.2024 17:00:02,9.84344
1736,08.03.2024 18:00:02,9.8711,3.593,16.62
1737,08.03.2024 19:00:02,9.8402
1738,08.03.2024 20:00:02,9.78884
1739,08.03.2024 21:00:02,9.74737
1740,08.03.2024 22:00:02,9.73951
1741,08.03.2024 23:00:02,9.74213
1742,09.03.2024 00:00:02,9.74577,3.594,16.31
1743,09.03.2024 01:00:02,9.72996
1744,09.03.2024 02:00:02,9.6303
1745,09.03.2024 03:00:02,9.49657
1746,09.03.2024 04:00:02,9.35448
1747,09.03.2024 05:00:02,9.22389
1748,09.03.2024 06:00:02,9.11891,3.592,15.76
1749,09.03.2024 07:00:02,9.05149
1750,09.03.2024 08:00:02,8.99802
1751,09.03.2024 09:00:02,9.006
1752,09.03.2024 10:00:02,9.11219
1753,09.03.2024 11:00:02,9.30941
1754,09.03.2024 12:00:02,9.46518,3.593,16.25
1755,09.03.2024 13:00:02,9.6202
1756,09.03.2024 14:00:02,9.77622
1757,09.03.2024 15:00:02,9.89745
1758,09.03.2024 16:00:02,9.98182
1759,09.03.2024 17:00:02,10.0249
1760,09.03.2024 18:00:02,10.0484,3.592,16.80
1761,09.03.2024 19:00:02,10.0112
1762,09.03.2024 20:00:02,9.9603
1763,09.03.2024 21:00:02,9.90505
1764,09.03.2024 22:00:02,9.86168
1765,09.03.2024 23:00:02,9.84318
1766,10.03.2024 00:00:02,9.80824,3.593,16.62
1767,10.03.2024 01:00:02,9.76235
1768,10.03.2024 02:00:02,9.75045
1769,10.03.2024 03:00:02,9.75486
1770,10.03.2024 04:00:02,9.74951
1771,10.03.2024 05:00:02,9.71873
1772,10.03.2024 06:00:02,9.67391,3.593,16.37
1773,10.03.2024 07:00:02,9.65159
1774,10.03.2024 08:00:02,9.60173
1775,10.03.2024 09:00:02,9.58503
1776,10.03.2024 10:00:02,9.5947
1777,10.03.2024 11:00:02,9.6187
1778,10.03.2024 12:00:02,9.68041,3.592,16.19
1779,10.03.2024 13:00:02,9.78884
1780,10.03.2024 14:00:02,9.90173
1781,10.03.2024 15:00:02,9.97763
1782,10.03.2024 16:00:02,9.98233
1783,10.03.2024 17:00:02,10.0017
1784,10.03.2024 18:00:02,10.0234,3.593,16.56
1785,10.03.2024 19:00:02,9.97982
1786,10.03.2024 20:00:02,9.87123
1787,10.03.2024 21:00:02,9.81185
1788,10.03.2024 22:00:02,9.75972
1789,10.03.2024 23:00:02,9.71986
1790,11.03.2024 00:00:02,9.56095,3.592,16.37
1791,11.03.2024 01:00:02,9.57319
1792,11.03.2024 02:00:02,9.57542
1793,11.03.2024 03:00:02,9.56726
1794,11.03.2024 04:00:02,9.4742
1795,11.03.2024 05:00:02,9.44468
1796,11.03.2024 06:00:02,9.42361,3.593,16.07
1797,11.03.2024 07:00:02,9.43135
1798,11.03.2024 08:00:02,9.41974
1799,11.03.2024 09:00:02,9.42248
1800,11.03.2024 10:00:02,9.48363
1801,11.03.2024 11:00:02,9.56377
1802,11.03.2024 12:00:02,9.67024,3.592,16.37
1803,11.03.2024 13:00:02,9.8254
1804,11.03.2024 14:00:02,9.98236
1805,11.03.2024 15:00:02,10.1511
1806,11.03.2024 16:00:02,10.2914
1807,11.03.2024 17:00:02,10.3561
1808,11.03.2024 18:00:02,10.3677,3.594,17.29
1809,11.03.2024 19:00:02,10.3373
1810,11.03.2024 20:00:02,10.2971
1811,11.03.2024 21:00:02,10.2663
1812,11.03.2024 22:00:02,10.2378
1813,11.03.2024 23:00:02,10.2114
1814,12.03.2024 00:00:02,10.1713,3.594,16.86
1815,12.03.2024 01:00:02,10.1162
1816,12.03.2024 02:00:02,10.08
1817,12.03.2024 03:00:02,10.0463
1818,12.03.2024 04:00:02,10.0177
1819,12.03.2024 05:00:02,10.0072
1820,12.03.2024 06:00:02,10.0028,3.593,16.86
1821,12.03.2024 07:00:02,9.98698
1822,12.03.2024 08:00:02,9.92798
1823,12.03.2024 09:00:02,9.89417
1824,12.03.2024 10:00:02,9.99329
1825,12.03.2024 11:00:02,10.1753
1826,12.03.2024 12:00:02,10.3615,3.595,17.23
1827,12.03.2024 13:00:02,10.5775
1828,12.03.2024 14:00:02,10.7651
1829,12.03.2024 15:00:02,10.8946
1830,12.03.2024 16:00:02,11.0536
1831,12.03.2024 17:00:02,11.0994
1832,12.03.2024 18:00:02,11.0908,3.596,18.03
1833,12.03.2024 19:00:02,11.0225
1834,12.03.2024 20:00:02,10.9237
1835,12.03.2024 21:00:02,10.7762
1836,12.03.2024 22:00:02,10.6047
1837,12.03.2024 23:00:02,10.4248
1838,13.03.2024 00:00:02,10.2591,3.594,16.86
1839,13.03.2024 01:00:02,10.0956
1840,13.03.2024 02:00:02,9.95361
1841,13.03.2024 03:00:02,9.79338
1842,13.03.2024 04:00:02,9.64373
1843,13.03.2024 05:00:02,9.51911
1844,13.03.2024 06:00:02,9.39517,3.592,16.13
1845,13.03.2024 07:00:02,9.27509
1846,13.03.2024 08:00:02,9.16676
1847,13.03.2024 09:00:02,9.15308
1848,13.03.2024 10:00:02,9.31534
1849,13.03.2024 11:00:02,9.62088
1850,13.03.2024 12:00:02,10.0068,3.593,16.99
1851,13.03.2024 13:00:02,10.4143
1852,13.03.2024 14:00:02,10.695
1853,13.03.2024 15:00:02,10.889
1854,13.03.2024 16:00:02,11.0725
1855,13.03.2024 17:00:02,11.1701
1856,13.03.2024 18:00:02,11.228,3.596,18.21
1857,13.03.2024 19:00:02,11.1517
1858,13.03.2024 20:00:02,11.0442
1859,13.03.2024 21:00:02,10.9496
1860,13.03.2024 22:00:02,10.8488
1861,13.03.2024 23:00:02,10.7141
1862,14.03.2024 00:00:02,10.5691,3.594,17.41
1863,14.03.2024 01:00:02,10.4245
1864,14.03.2024 02:00:02,10.3039
1865,14.03.2024 03:00:02,10.1836
1866,14.03.2024 04:00:02,10.0703
1867,14.03.2024 05:00:02,9.99002
1868,14.03.2024 06:00:02,9.93137,3.594,16.56
1869,14.03.2024 07:00:02,9.85539
1870,14.03.2024 08:00:02,9.78619
1871,14.03.2024 09:00:02,9.80585
1872,14.03.2024 10:00:02,9.95798
1873,14.03.2024 11:00:02,10.2233
1874,14.03.2024 12:00:02,10.5718,3.594,17.41
1875,14.03.2024 13:00:02,11.0286
1876,14.03.2024 14:00:02,11.3674
1877,14.03.2024 15:00:02,11.6198
1878,14.03.2024 16:00:02,11.8116
1879,14.03.2024 17:00:02,11.9456
1880,14.03.2024 18:00:02,11.9938,3.597,19.13
1881,14.03.2024 19:00:02,11.9638
1882,14.03.2024 20:00:02,11.9
1883,14.03.2024 21:00:02,11.814
1884,14.03.2024 22:00:02,11.7318
1885,14.03.2024 23:00:02,11.6728
1886,15.03.2024 00:00:02,11.6055,3.596,18.64
1887,15.03.2024 01:00:02,11.5588
1888,15.03.2024 02:00:02,11.4901
1889,15.03.2024 03:00:02,11.4148
1890,15.03.2024 04:00:02,11.3395
1891,15.03.2024 05:00:02,11.2246
1892,15.03.2024 06:00:02,11.0849,3.597,17.97
1893,15.03.2024 07:00:02,10.9584
1894,15.03.2024 08:00:02,10.8322
1895,15.03.2024 09:00:02,10.7972
1896,15.03.2024 10:00:02,10.9088
1897,15.03.2024 11:00:02,11.1354
1898,15.03.2024 12:00:02,11.4045,3.597,18.34
1899,15.03.2024 13:00:02,11.6863
1900,15.03.2024 14:00:02,11.8837
1901,15.03.2024 15:00:02,12.0203
1902,15.03.2024 16:00:02,12.1229
1903,15.03.2024 17:00:02,12.1786
1904,15.03.2024 18:00:02,12.1802,3.598,19.13
1905,15.03.2024 19:00:02,12.1251
1906,15.03.2024 20:00:02,12.0357
1907,15.03.2024 21:00:02,11.9204
1908,15.03.2024 22:00:02,11.7851
1909,15.03.2024 23:00:02,11.64
1910,16.03.2024 00:00:02,11.4851,3.596,18.21
1911,16.03.2024 01:00:02,11.3337
1912,16.03.2024 02:00:02,11.1895
1913,16.03.2024 03:00:02,11.0527
1914,16.03.2024 04:00:02,10.9527
1915,16.03.2024 05:00:02,10.8604
1916,16.03.2024 06:00:02,10.7917,3.593,17.54
1917,16.03.2024 07:00:02,10.7246
1918,16.03.2024 08:00:02,10.6786
1919,16.03.2024 09:00:02,10.7225
1920,16.03.2024 10:00:02,10.8629
1921,16.03.2024 11:00:02,11.1006
1922,16.03.2024 12:00:02,11.3768,3.598,18.34
1923,16.03.2024 13:00:02,11.6923
1924,16.03.2024 14:00:02,11.9624
1925,16.03.2024 15:00:02,12.1446
1926,16.03.2024 16:00:02,12.2453
1927,16.03.2024 17:00:02,12.3382
1928,16.03.2024 18:00:02,12.3857,3.599,19.44
1929,16.03.2024 19:00:02,12.3572
1930,16.03.2024 20:00:02,12.2579
1931,16.03.2024 21:00:02,12.1488
1932,16.03.2024 22:00:02,12.0398
1933,16.03.2024 23:00:02,11.9576
1934,17.03.2024 00:00:02,11.8695,3.597,18.70
1935,17.03.2024 01:00:02,11.7936
1936,17.03.2024 02:00:02,11.7211
1937,17.03.2024 03:00:02,11.6809
1938,17.03.2024 04:00:02,11.6506
1939,17.03.2024 05:00:02,11.644
1940,17.03.2024 06:00:02,11.6336,3.597,18.52
1941,17.03.2024 07:00:02,11.6068
1942,17.03.2024 08:00:02,11.572
1943,17.03.2024 09:00:02,11.5949
1944,17.03.2024 10:00:02,11.7336
1945,17.03.2024 11:00:02,11.9553
1946,17.03.2024 12:00:02,12.214,3.598,19.38
1947,17.03.2024 13:00:02,12.5382
1948,17.03.2024 14:00:02,12.8036
1949,17.03.2024 15:00:02,13.0245
1950,17.03.2024 16:00:02,13.1541
1951,17.03.2024 17:00:02,13.2225
1952,17.03.2024 18:00:02,13.2042,3.600,20.18
1953,17.03.2024 19:00:02,13.1045
1954,17.03.2024 20:00:02,12.9917
1955,17.03.2024 21:00:02,12.9067
1956,17.03.2024 22:00:02,12.8568
1957,17.03.2024 23:00:02,12.7781
1958,18.03.2024 00:00:02,12.7052,3.599,19.68
1959,18.03.2024 01:00:02,12.6323
1960,18.03.2024 02:00:02,12.5674
1961,18.03.2024 03:00:02,12.5102
1962,18.03.2024 04:00:02,12.4578
1963,18.03.2024 05:00:02,12.4073
1964,18.03.2024 06:00:02,12.3461,3.598,19.13
1965,18.03.2024 07:00:02,12.2809
1966,18.03.2024 08:00:02,12.2277
1967,18.03.2024 09:00:02,12.2303
1968,18.03.2024 10:00:02,12.346
1969,18.03.2024 11:00:02,12.5015
1970,18.03.2024 12:00:02,12.6707,3.599,19.68
1971,18.03.2024 13:00:02,12.8111
1972,18.03.2024 14:00:02,12.9376
1973,18.03.2024 15:00:02,13.0111
1974,18.03.2024 16:00:02,13.0908
1975,18.03.2024 17:00:02,13.1133
1976,18.03.2024 18:00:02,13.078,3.599,20.18
1977,18.03.2024 19:00:02,13.0172
1978,18.03.2024 20:00:02,12.9543
1979,18.03.2024 21:00:02,12.899
1980,18.03.2024 22:00:02,12.8473
1981,18.03.2024 23:00:02,12.7987
1982,19.03.2024 00:00:02,12.7522,3.599,19.68
1983,19.03.2024 01:00:02,12.7253
1984,19.03.2024 02:00:02,12.6984
1985,19.03.2024 03:00:02,12.6627
1986,19.03.2024 04:00:02,12.6386
1987,19.03.2024 05:00:02,12.6063
1988,19.03.2024 06:00:02,12.5839,3.600,19.50
1989,19.03.2024 07:00:02,12.5675
1990,19.03.2024 08:00:02,12.5545
1991,19.03.2024 09:00:02,12.5627
1992,19.03.2024 10:00:02,12.6081
1993,19.03.2024 11:00:02,12.6301
1994,19.03.2024 12:00:02,12.6575,3.602,19.56
1995,19.03.2024 13:00:02,12.6961
1996,19.03.2024 14:00:02,12.7113
1997,19.03.2024 15:00:02,12.7175
1998,19.03.2024 16:00:02,12.7122
1999,19.03.2024 17:00:02,12.6972
2000,19.03.2024 18:00:02,12.6602,3.601,19.56
2001,19.03.2024 19:00:02,12.6155
2002,19.03.2024 20:00:02,12.5621
2003,19.03.2024 21:00:02,12.5139
2004,19.03.2024 22:00:02,12.4793
2005,19.03.2024 23:00:02,12.4528
2006,20.03.2024 00:00:02,12.4291,3.598,19.32
2007,20.03.2024 01:00:02,12.4092
2008,20.03.2024 02:00:02,12.392
2009,20.03.2024 03:00:02,12.3847
2010,20.03.2024 04:00:02,12.3758
2011,20.03.2024 05:00:02,12.3652
2012,20.03.2024 06:00:02,12.3576,3.598,19.26
2013,20.03.2024 07:00:02,12.3521
2014,20.03.2024 08:00:02,12.3494
2015,20.03.2024 09:00:02,12.3601
2016,20.03.2024 10:00:02,12.4062
2017,20.03.2024 11:00:02,12.5178
2018,20.03.2024 12:00:02,12.6525,3.601,19.68
2019,20.03.2024 13:00:02,12.8284
2020,20.03.2024 14:00:02,12.9563
2021,20.03.2024 15:00:02,12.9681
2022,20.03.2024 16:00:02,12.9404
2023,20.03.2024 17:00:02,12.8832
2024,20.03.2024 18:00:02,12.8302,3.600,19.68
2025,20.03.2024 19:00:02,12.7638
2026,20.03.2024 20:00:02,12.7053
2027,20.03.2024 21:00:02,12.6425
2028,20.03.2024 22:00:02,12.5963
2029,20.03.2024 23:00:02,12.5456
2030,21.03.2024 00:00:02,12.4706,3.600,19.38
2031,21.03.2024 01:00:02,12.4052
2032,21.03.2024 02:00:02,12.358
2033,21.03.2024 03:00:02,12.3284
2034,21.03.2024 04:00:02,12.3009
2035,21.03.2024 05:00:02,12.2944
2036,21.03.2024 06:00:02,12.2775,3.597,19.26
2037,21.03.2024 07:00:02,12.2339
2038,21.03.2024 08:00:02,12.1567
2039,21.03.2024 09:00:02,12.1444
2040,21.03.2024 10:00:02,12.2391
2041,21.03.2024 11:00:02,12.4216
2042,21.03.2024 12:00:02,12.6059,3.600,19.68
2043,21.03.2024 13:00:02,12.8482
2044,21.03.2024 14:00:02,13.0602
2045,21.03.2024 15:00:02,13.1668
2046,21.03.2024 16:00:02,13.2238
2047,21.03.2024 17:00:02,13.2048
2048,21.03.2024 18:00:02,13.1331,3.602,20.18
2049,21.03.2024 19:00:02,13.0391
2050,21.03.2024 20:00:02,12.9369
2051,21.03.2024 21:00:02,12.8643
2052,21.03.2024 22:00:02,12.8237
2053,21.03.2024 23:00:02,12.8008
2054,22.03.2024 00:00:02,12.7834,3.600,19.56
2055,22.03.2024 01:00:02,12.7594
2056,22.03.2024 02:00:02,12.7582
2057,22.03.2024 03:00:02,12.751
2058,22.03.2024 04:00:02,12.7375
2059,22.03.2024 05:00:02,12.7184
2060,22.03.2024 06:00:02,12.697,3.600,19.56
2061,22.03.2024 07:00:02,12.6779
2062,22.03.2024 08:00:02,12.656
2063,22.03.2024 09:00:02,12.6572
2064,22.03.2024 10:00:02,12.6843
2065,22.03.2024 11:00:02,12.7453
2066,22.03.2024 12:00:02,12.8038,3.600,19.75
2067,22.03.2024 13:00:02,12.8774
2068,22.03.2024 14:00:02,12.9556
2069,22.03.2024 15:00:02,12.9907
2070,22.03.2024 16:00:02,12.978
2071,22.03.2024 17:00:02,12.9774
2072,22.03.2024 18:00:02,12.9568,3.599,19.87
2073,22.03.2024 19:00:02,12.9173
2074,22.03.2024 20:00:02,12.8268
2075,22.03.2024 21:00:02,12.7591
2076,22.03.2024 22:00:02,12.6933
2077,22.03.2024 23:00:02,12.6355
2078,23.03.2024 00:00:02,12.5939,3.601,19.68
2079,23.03.2024 01:00:02,12.5364
2080,23.03.2024 02:00:02,12.4919
2081,23.03.2024 03:00:02,12.4489
2082,23.03.2024 04:00:02,12.4048
2083,23.03.2024 05:00:02,12.2957
2084,23.03.2024 06:00:02,12.2026,3.600,18.95
2085,23.03.2024 07:00:02,12.1201
2086,23.03.2024 08:00:02,12.0634
2087,23.03.2024 09:00:02,12.0803
2088,23.03.2024 10:00:02,12.1417
2089,23.03.2024 11:00:02,12.209
2090,23.03.2024 12:00:02,12.331,3.600,19.32
2091,23.03.2024 13:00:02,12.447
2092,23.03.2024 14:00:02,12.5306
2093,23.03.2024 15:00:02,12.5619
2094,23.03.2024 16:00:02,12.5612
2095,23.03.2024 17:00:02,12.5101
2096,23.03.2024 18:00:02,12.4502,3.600,19.50
2097,23.03.2024 19:00:02,12.3659
2098,23.03.2024 20:00:02,12.3002
2099,23.03.2024 21:00:02,12.24
2100,23.03.2024 22:00:02,12.1741
2101,23.03.2024 23:00:02,12.1169
2102,24.03.2024 00:00:02,12.0615,3.598,19.01
2103,24.03.2024 01:00:02,12.0262
2104,24.03.2024 02:00:02,11.989
2105,24.03.2024 03:00:02,11.9501
2106,24.03.2024 04:00:02,11.9109
2107,24.03.2024 05:00:02,11.8678
2108,24.03.2024 06:00:02,11.8241,3.599,18.70
2109,24.03.2024 07:00:02,11.7861
2110,24.03.2024 08:00:02,11.7629
2111,24.03.2024 09:00:02,11.7839
2112,24.03.2024 10:00:02,11.8531
2113,24.03.2024 11:00:02,11.9375
2114,24.03.2024 12:00:02,12.0277,3.600,19.01
2115,24.03.2024 13:00:02,12.1066
2116,24.03.2024 14:00:02,12.1573
2117,24.03.2024 15:00:02,12.2071
2118,24.03.2024 16:00:02,12.1819
2119,24.03.2024 17:00:02,12.1273
2120,24.03.2024 18:00:02,12.0498,3.599,19.13
2121,24.03.2024 19:00:02,11.9508
2122,24.03.2024 20:00:02,11.8661
2123,24.03.2024 21:00:02,11.7789
2124,24.03.2024 22:00:02,11.6936
2125,24.03.2024 23:00:02,11.6028
2126,25.03.2024 00:00:02,11.4914,3.599,18.40
2127,25.03.2024 01:00:02,11.3912
2128,25.03.2024 02:00:02,11.3119
2129,25.03.2024 03:00:02,11.2211
2130,25.03.2024 04:00:02,11.1186
2131,25.03.2024 05:00:02,11.0308
2132,25.03.2024 06:00:02,10.9578,3.596,17.54
2133,25.03.2024 07:00:02,10.904
2134,25.03.2024 08:00:02,10.8962
2135,25.03.2024 09:00:02,10.9567
2136,25.03.2024 10:00:02,11.0732
2137,25.03.2024 11:00:02,11.2518
2138,25.03.2024 12:00:02,11.4172,3.597,18.27
2139,25.03.2024 13:00:02,11.5828
2140,25.03.2024 14:00:02,11.713
2141,25.03.2024 15:00:02,11.6977
2142,25.03.2024 16:00:02,11.6308
2143,25.03.2024 17:00:02,11.5167
2144,25.03.2024 18:00:02,11.3982,3.598,18.15
2145,25.03.2024 19:00:02,11.3222
2146,25.03.2024 20:00:02,11.2509
2147,25.03.2024 21:00:02,11.1738
2148,25.03.2024 22:00:02,11.1092
2149,25.03.2024 23:00:02,11.0226
2150,26.03.2024 00:00:02,10.9242,3.597,17.66
2151,26.03.2024 01:00:02,10.8258
2152,26.03.2024 02:00:02,10.7151
2153,26.03.2024 03:00:02,10.5692
2154,26.03.2024 04:00:02,10.386
2155,26.03.2024 05:00:02,10.1909
2156,26.03.2024 06:00:02,10.0078,3.594,16.68
2157,26.03.2024 07:00:02,9.85878
2158,26.03.2024 08:00:02,9.77379
2159,26.03.2024 09:00:02,9.81773
2160,26.03.2024 10:00:02,9.96414
2161,26.03.2024 11:00:02,10.0942
2162,26.03.2024 12:00:02,10.22,3.595,16.99
2163,26.03.2024 13:00:02,10.3596
2164,26.03.2024 14:00:02,10.5252
2165,26.03.2024 15:00:02,10.6532
2166,26.03.2024 16:00:02,10.7522
2167,26.03.2024 17:00:02,10.7702
2168,26.03.2024 18:00:02,10.757,3.597,17.48
2169,26.03.2024 19:00:02,10.6855
2170,26.03.2024 20:00:02,10.5329
2171,26.03.2024 21:00:02,10.4291
2172,26.03.2024 22:00:02,10.3505
2173,26.03.2024 23:00:02,10.282
2174,27.03.2024 00:00:02,10.225,3.596,16.92
2175,27.03.2024 01:00:02,10.1295
2176,27.03.2024 02:00:02,10.0349
2177,27.03.2024 03:00:02,9.96826
2178,27.03.2024 04:00:02,9.91642
2179,27.03.2024 05:00:02,9.89421
2180,27.03.2024 06:00:02,9.88643,3.594,16.56
2181,27.03.2024 07:00:02,9.90283
2182,27.03.2024 08:00:02,9.94216
2183,27.03.2024 09:00:02,10.0268
2184,27.03.2024 10:00:02,10.1929
2185,27.03.2024 11:00:02,10.4464
2186,27.03.2024 12:00:02,10.7273,3.597,17.54
2187,27.03.2024 13:00:02,10.8774
2188,27.03.2024 14:00:02,10.9347
2189,27.03.2024 15:00:02,11.0182
2190,27.03.2024 16:00:02,11.0927
2191,27.03.2024 17:00:02,11.161
2192,27.03.2024 18:00:02,11.1449,3.596,17.91
2193,27.03.2024 19:00:02,11.0515
2194,27.03.2024 20:00:02,10.8913
2195,27.03.2024 21:00:02,10.7147
2196,27.03.2024 22:00:02,10.5207
2197,27.03.2024 23:00:02,10.3746
2198,28.03.2024 00:00:02,10.2094,3.596,16.92
2199,28.03.2024 01:00:02,10.082
2200,28.03.2024 02:00:02,9.95258
2201,28.03.2024 03:00:02,9.85743
2202,28.03.2024 04:00:02,9.73036
2203,28.03.2024 05:00:02,9.57352
2204,28.03.2024 06:00:02,9.43924,3.593,16.00
2205,28.03.2024 07:00:02,9.31843
2206,28.03.2024 08:00:02,9.23952
2207,28.03.2024 09:00:02,9.26413
2208,28.03.2024 10:00:02,9.46852
2209,28.03.2024 11:00:02,9.7575
2210,28.03.2024 12:00:02,10.039,3.595,16.86
2211,28.03.2024 13:00:02,10.2495
2212,28.03.2024 14:00:02,10.4391
2213,28.03.2024 15:00:02,10.6184
2214,28.03.2024 16:00:02,10.6506
2215,28.03.2024 17:00:02,10.5794
2216,28.03.2024 18:00:02,10.522,3.596,17.23
2217,28.03.2024 19:00:02,10.4647
2218,28.03.2024 20:00:02,10.4087
2219,28.03.2024 21:00:02,10.3804
2220,28.03.2024 22:00:02,10.341
2221,28.03.2024 23:00:02,10.3024
2222,29.03.2024 00:00:02,10.2561,3.593,17.11
2223,29.03.2024 01:00:02,10.2152
2224,29.03.2024 02:00:02,10.1731
2225,29.03.2024 03:00:02,10.1335
2226,29.03.2024 04:00:02,10.0826
2227,29.03.2024 05:00:02,10.0184
2228,29.03.2024 06:00:02,9.94427,3.594,16.68
2229,29.03.2024 07:00:02,9.87477
2230,29.03.2024 08:00:02,9.81892
2231,29.03.2024 09:00:02,9.83223
2232,29.03.2024 10:00:02,9.95238
2233,29.03.2024 11:00:02,10.1633
2234,29.03.2024 12:00:02,10.4122,3.596,17.05
2235,29.03.2024 13:00:02,10.6165
2236,29.03.2024 14:00:02,10.7856
2237,29.03.2024 15:00:02,10.9254
2238,29.03.2024 16:00:02,11.0153
2239,29.03.2024 17:00:02,11.0136
2240,29.03.2024 18:00:02,10.9168,3.596,17.41
2241,29.03.2024 19:00:02,10.7888
2242,29.03.2024 20:00:02,10.6691
2243,29.03.2024 21:00:02,10.5823
2244,29.03.2024 22:00:02,10.4947
2245,29.03.2024 23:00:02,10.38
2246,30.03.2024 00:00:02,10.2543,3.594,17.05
2247,30.03.2024 01:00:02,10.1388
2248,30.03.2024 02:00:02,10.0485
2249,30.03.2024 03:00:02,9.98185
2250,30.03.2024 04:00:02,9.91446
2251,30.03.2024 05:00:02,9.84804
2252,30.03.2024 06:00:02,9.77874,3.593,16.49
2253,30.03.2024 07:00:02,9.71008
2254,30.03.2024 08:00:02,9.62847
2255,30.03.2024 09:00:02,9.63048
2256,30.03.2024 10:00:02,9.76918
2257,30.03.2024 11:00:02,10.0209
2258,30.03.2024 12:00:02,10.2817,3.594,17.05
2259,30.03.2024 13:00:02,10.5102
2260,30.03.2024 14:00:02,10.7013
2261,30.03.2024 15:00:02,10.8553
2262,30.03.2024 16:00:02,10.9405
2263,30.03.2024 17:00:02,10.9685
2264,30.03.2024 18:00:02,9.88044,3.592,16.37
2265,30.03.2024 19:00:02,9.52479
2266,30.03.2024 20:00:02,9.56862
2267,30.03.2024 21:00:02,9.6329
2268,30.03.2024 22:00:02,9.64636
2269,30.03.2024 23:00:02,9.6473
2270,31.03.2024 00:00:02,9.65752,3.593,16.31
2271,31.03.2024 01:00:02,9.65363
2272,31.03.2024 02:00:02,9.60243
2273,31.03.2024 03:00:02,9.53119
2274,31.03.2024 04:00:02,9.43582
2275,31.03.2024 05:00:02,9.3314
2276,31.03.2024 06:00:02,9.19704,3.591,15.76
2277,31.03.2024 07:00:02,9.06384
2278,31.03.2024 08:00:02,8.98664
2279,31.03.2024 09:00:02,9.05149
2280,31.03.2024 10:00:02,9.21896
2281,31.03.2024 11:00:02,9.48656
2282,31.03.2024 12:00:02,9.76673,3.592,16.49
2283,31.03.2024 13:00:02,9.96899
2284,31.03.2024 14:00:02,10.1086
2285,31.03.2024 15:00:02,10.2757
2286,31.03.2024 16:00:02,10.3902
2287,31.03.2024 17:00:02,10.467
2288,31.03.2024 18:00:02,10.5007,3.592,17.35
2289,31.03.2024 19:00:02,10.4758
2290,31.03.2024 20:00:02,10.4101
2291,31.03.2024 21:00:02,10.3198
2292,31.03.2024 22:00:02,10.2244
2293,31.03.2024 23:00:02,10.1221
2294,01.04.2024 00:00:02,10.0396,3.593,16.74
2295,01.04.2024 01:00:02,9.97167
2296,01.04.2024 02:00:02,9.88922
2297,01.04.2024 03:00:02,9.84575
2298,01.04.2024 04:00:02,9.80775
2299,01.04.2024 05:00:02,9.72592
2300,01.04.2024 06:00:02,9.618,3.592,16.25
2301,01.04.2024 07:00:02,9.48204
2302,01.04.2024 08:00:02,9.41645
2303,01.04.2024 09:00:02,9.50911
2304,01.04.2024 10:00:02,9.67637
2305,01.04.2024 11:00:02,9.8968
2306,01.04.2024 12:00:02,10.1309,3.594,16.86
2307,01.04.2024 13:00:02,10.3478
2308,01.04.2024 14:00:02,10.4836
2309,01.04.2024 15:00:02,10.5787
2310,01.04.2024 16:00:02,10.6337
2311,01.04.2024 17:00:02,10.6268
2312,01.04.2024 18:00:02,10.6138,3.594,17.41
2313,01.04.2024 19:00:02,10.5866
2314,01.04.2024 20:00:02,10.5372
2315,01.04.2024 21:00:02,10.4505
2316,01.04.2024 22:00:02,10.3069
2317,01.04.2024 23:00:02,10.1356
2318,02.04.2024 00:00:02,9.97251,3.592,16.68
2319,02.04.2024 01:00:02,9.84329
2320,02.04.2024 02:00:02,9.7619
2321,02.04.2024 03:00:02,9.71717
2322,02.04.2024 04:00:02,9.66132
2323,02.04.2024 05:00:02,9.59591
2324,02.04.2024 06:00:02,9.59962,3.592,16.25
2325,02.04.2024 07:00:02,9.6938
2326,02.04.2024 08:00:02,9.80672
2327,02.04.2024 09:00:02,9.9615
2328,02.04.2024 10:00:02,10.1226
2329,02.04.2024 11:00:02,10.2404
2330,02.04.2024 12:00:02,10.3371,3.594,17.05
2331,02.04.2024 13:00:02,10.4556
2332,02.04.2024 14:00:02,10.6042
2333,02.04.2024 15:00:02,10.7762
2334,02.04.2024 16:00:02,10.9143
2335,02.04.2024 17:00:02,11.0711
2336,02.04.2024 18:00:02,11.1693,3.596,17.91
2337,02.04.2024 19:00:02,11.1434
2338,02.04.2024 20:00:02,11.1166
2339,02.04.2024 21:00:02,11.0919
2340,02.04.2024 22:00:02,11.0596
2341,02.04.2024 23:00:02,10.9801
2342,03.04.2024 00:00:02,10.8675,3.594,17.66
2343,03.04.2024 01:00:02,10.7179
2344,03.04.2024 02:00:02,10.576
2345,03.04.2024 03:00:02,10.4345
2346,03.04.2024 04:00:02,10.3122
2347,03.04.2024 05:00:02,10.1943
2348,03.04.2024 06:00:02,10.1419,3.592,16.80
2349,03.04.2024 07:00:02,10.0998
2350,03.04.2024 08:00:02,10.1127
2351,03.04.2024 09:00:02,10.2262
2352,03.04.2024 10:00:02,10.5266
2353,03.04.2024 11:00:02,10.9022
2354,03.04.2024 12:00:02,11.2624,3.596,18.03
2355,03.04.2024 13:00:02,11.5775
2356,03.04.2024 14:00:02,11.8272
2357,03.04.2024 15:00:02,11.9618
2358,03.04.2024 16:00:02,12.0889
2359,03.04.2024 17:00:02,12.1637
2360,03.04.2024 18:00:02,12.2361,3.597,19.13
2361,03.04.2024 19:00:02,12.2535
2362,03.04.2024 20:00:02,12.1764
2363,03.04.2024 21:00:02,12.0597
2364,03.04.2024 22:00:02,11.9277
2365,03.04.2024 23:00:02,11.7669
2366,04.04.2024 00:00:02,11.6131,3.595,18.40
2367,04.04.2024 01:00:02,11.4673
2368,04.04.2024 02:00:02,11.3627
2369,04.04.2024 03:00:02,11.3102
2370,04.04.2024 04:00:02,11.2873
2371,04.04.2024 05:00:02,11.2703
2372,04.04.2024 06:00:02,11.276,3.596,18.15
2373,04.04.2024 07:00:02,11.2419
2374,04.04.2024 08:00:02,11.2293
2375,04.04.2024 09:00:02,11.3227
2376,04.04.2024 10:00:02,11.5984
2377,04.04.2024 11:00:02,11.9535
2378,04.04.2024 12:00:02,12.2715,3.596,19.19
2379,04.04.2024 13:00:02,12.6211
2380,04.04.2024 14:00:02,12.9492
2381,04.04.2024 15:00:02,13.1444
2382,04.04.2024 16:00:02,13.2558
2383,04.04.2024 17:00:02,13.3246
2384,04.04.2024 18:00:02,13.3131,3.597,20.24
2385,04.04.2024 19:00:02,13.2924
2386,04.04.2024 20:00:02,13.2422
2387,04.04.2024 21:00:02,13.179
2388,04.04.2024 22:00:02,13.1124
2389,04.04.2024 23:00:02,13.0691
2390,05.04.2024 00:00:02,13.0455,3.598,19.93
2391,05.04.2024 01:00:02,13.0432
2392,05.04.2024 02:00:02,13.055
2393,05.04.2024 03:00:02,13.0428
2394,05.04.2024 04:00:02,13.0413
2395,05.04.2024 05:00:02,13.0395
2396,05.04.2024 06:00:02,12.9911,3.597,19.99
2397,05.04.2024 07:00:02,12.9217
2398,05.04.2024 08:00:02,12.8752
2399,05.04.2024 09:00:02,12.8826
2400,05.04.2024 10:00:02,12.9418
2401,05.04.2024 11:00:02,13.0588
2402,05.04.2024 12:00:02,13.1565,3.598,20.05
2403,05.04.2024 13:00:02,13.2752
2404,05.04.2024 14:00:02,13.5087
2405,05.04.2024 15:00:02,13.7593
2406,05.04.2024 16:00:02,13.9811
2407,05.04.2024 17:00:02,14.1246
2408,05.04.2024 18:00:02,14.165,3.599,21.34
2409,05.04.2024 19:00:02,14.1439
2410,05.04.2024 20:00:02,14.0465
2411,05.04.2024 21:00:02,13.912
2412,05.04.2024 22:00:02,13.7797
2413,05.04.2024 23:00:02,13.7324
2414,06.04.2024 00:00:02,13.8351,3.599,20.85
2415,06.04.2024 01:00:02,13.9384
2416,06.04.2024 02:00:02,14.0155
2417,06.04.2024 03:00:02,14.0805
2418,06.04.2024 04:00:02,14.0319
2419,06.04.2024 05:00:02,13.831
2420,06.04.2024 06:00:02,13.6277,3.599,20.67
2421,06.04.2024 07:00:02,13.4754
2422,06.04.2024 08:00:02,13.3943
2423,06.04.2024 09:00:02,13.3775
2424,06.04.2024 10:00:02,13.3892
2425,06.04.2024 11:00:02,13.3998
2426,06.04.2024 12:00:02,13.4644,3.599,20.36
2427,06.04.2024 13:00:02,13.5428
2428,06.04.2024 14:00:02,13.6467
2429,06.04.2024 15:00:02,13.778
2430,06.04.2024 16:00:02,13.8124
2431,06.04.2024 17:00:02,13.7574
2432,06.04.2024 18:00:02,13.7469,3.599,20.73
2433,06.04.2024 19:00:02,13.7464
2434,06.04.2024 20:00:02,13.6675
2435,06.04.2024 21:00:02,13.5776
2436,06.04.2024 22:00:02,13.4747
2437,06.04.2024 23:00:02,13.378
2438,07.04.2024 00:00:02,13.3074,3.598,20.36
2439,07.04.2024 01:00:02,13.2407
2440,07.04.2024 02:00:02,13.1505
2441,07.04.2024 03:00:02,13.0744
2442,07.04.2024 04:00:02,12.9663
2443,07.04.2024 05:00:02,12.8535
2444,07.04.2024 06:00:02,12.7179,3.598,19.68
2445,07.04.2024 07:00:02,12.6161
2446,07.04.2024 08:00:02,12.5538
2447,07.04.2024 09:00:02,12.5593
2448,07.04.2024 10:00:02,12.6228
2449,07.04.2024 11:00:02,12.7268
2450,07.04.2024 12:00:02,12.8991,3.600,19.87
2451,07.04.2024 13:00:02,13.0741
2452,07.04.2024 14:00:02,13.2583
2453,07.04.2024 15:00:02,13.4463
2454,07.04.2024 16:00:02,13.5673
2455,07.04.2024 17:00:02,13.6081
2456,07.04.2024 18:00:02,13.5857,3.600,20.42
2457,07.04.2024 19:00:02,13.5355
2458,07.04.2024 20:00:02,13.4473
2459,07.04.2024 21:00:02,13.3634
2460,07.04.2024 22:00:02,13.2887
2461,07.04.2024 23:00:02,13.1817
2462,08.04.2024 00:00:02,13.0696,3.599,19.99
2463,08.04.2024 01:00:02,12.9527
2464,08.04.2024 02:00:02,12.8678
2465,08.04.2024 03:00:02,12.7851
2466,08.04.2024 04:00:02,12.7023
2467,08.04.2024 05:00:02,12.6473
2468,08.04.2024 06:00:02,12.6007,3.598,19.56
2469,08.04.2024 07:00:02,12.5815
2470,08.04.2024 08:00:02,12.6134
2471,08.04.2024 09:00:02,12.6578
2472,08.04.2024 10:00:02,12.6644
2473,08.04.2024 11:00:02,12.6815
2474,08.04.2024 12:00:02,12.5249,3.598,19.44
2475,08.04.2024 13:00:02,12.3839
2476,08.04.2024 14:00:02,12.2934
2477,08.04.2024 15:00:02,12.2799
2478,08.04.2024 16:00:02,12.2413
2479,08.04.2024 17:00:02,12.2102
2480,08.04.2024 18:00:02,12.1726,3.598,19.07
2481,08.04.2024 19:00:02,12.0779
2482,08.04.2024 20:00:02,11.9621
2483,08.04.2024 21:00:02,11.8427
2484,08.04.2024 22:00:02,11.7017
2485,08.04.2024 23:00:02,11.5658
2486,09.04.2024 00:00:02,11.4501,3.596,18.15
2487,09.04.2024 01:00:02,11.3463
2488,09.04.2024 02:00:02,11.2711
2489,09.04.2024 03:00:02,11.2082
2490,09.04.2024 04:00:02,11.1555
2491,09.04.2024 05:00:02,11.0834
2492,09.04.2024 06:00:02,11.0353,3.596,17.66
2493,09.04.2024 07:00:02,11.0005
2494,09.04.2024 08:00:02,11.0086
2495,09.04.2024 09:00:02,11.0653
2496,09.04.2024 10:00:02,11.2347
2497,09.04.2024 11:00:02,11.3875
2498,09.04.2024 12:00:02,11.5176,3.597,18.46
2499,09.04.2024 13:00:02,11.6435
2500,09.04.2024 14:00:02,11.7485
2501,09.04.2024 15:00:02,11.8193
2502,09.04.2024 16:00:02,11.8431
2503,09.04.2024 17:00:02,11.8593
2504,09.04.2024 18:00:02,11.8676,3.595,18.76
2505,09.04.2024 19:00:02,11.8448
2506,09.04.2024 20:00:02,11.8097
2507,09.04.2024 21:00:02,11.7485
2508,09.04.2024 22:00:02,11.6645
2509,09.04.2024 23:00:02,11.5491
2510,10.04.2024 00:00:02,11.4169,3.595,18.21
2511,10.04.2024 01:00:02,11.2609
2512,10.04.2024 02:00:02,11.1033
2513,10.04.2024 03:00:02,10.9679
2514,10.04.2024 04:00:02,10.8388
2515,10.04.2024 05:00:02,10.7633
2516,10.04.2024 06:00:02,10.7122,3.596,17.48
2517,10.04.2024 07:00:02,10.6642
2518,10.04.2024 08:00:02,10.6539
2519,10.04.2024 09:00:02,10.7657
2520,10.04.2024 10:00:02,10.9931
2521,10.04.2024 11:00:02,11.2464
2522,10.04.2024 12:00:02,11.482,3.597,18.15
2523,10.04.2024 13:00:02,11.703
2524,10.04.2024 14:00:02,11.8922
2525,10.04.2024 15:00:02,12.0508
2526,10.04.2024 16:00:02,12.1779
2527,10.04.2024 17:00:02,12.2421
2528,10.04.2024 18:00:02,12.3056,3.599,19.38
2529,10.04.2024 19:00:02,12.3256
2530,10.04.2024 20:00:02,12.2953
2531,10.04.2024 21:00:02,12.2029
2532,10.04.2024 22:00:02,12.072
2533,10.04.2024 23:00:02,11.9385
2534,11.04.2024 00:00:02,11.7886,3.596,18.76
2535,11.04.2024 01:00:02,11.6446
2536,11.04.2024 02:00:02,11.5078
2537,11.04.2024 03:00:02,11.3923
2538,11.04.2024 04:00:02,11.2967
2539,11.04.2024 05:00:02,11.1915
2540,11.04.2024 06:00:02,11.0922,3.596,17.91
2541,11.04.2024 07:00:02,10.9919
2542,11.04.2024 08:00:02,10.9542
2543,11.04.2024 09:00:02,11.063
2544,11.04.2024 10:00:02,11.3853
2545,11.04.2024 11:00:02,11.7593
2546,11.04.2024 12:00:02,12.1109,3.598,19.13
2547,11.04.2024 13:00:02,12.3936
2548,11.04.2024 14:00:02,12.6299
2549,11.04.2024 15:00:02,12.8508
2550,11.04.2024 16:00:02,12.9847
2551,11.04.2024 17:00:02,13.0577
2552,11.04.2024 18:00:02,13.0831,3.599,20.05
2553,11.04.2024 19:00:02,13.0867
2554,11.04.2024 20:00:02,13.0075
2555,11.04.2024 21:00:02,12.8851
2556,11.04.2024 22:00:02,12.7584
2557,11.04.2024 23:00:02,12.6224
2558,12.04.2024 00:00:02,12.46,3.600,19.32
2559,12.04.2024 01:00:02,12.2991
2560,12.04.2024 02:00:02,12.1322
2561,12.04.2024 03:00:02,11.9938
2562,12.04.2024 04:00:02,11.863
2563,12.04.2024 05:00:02,11.7313
2564,12.04.2024 06:00:02,11.6225,3.595,18.27
2565,12.04.2024 07:00:02,11.5318
2566,12.04.2024 08:00:02,11.5106
2567,12.04.2024 09:00:02,11.6484
2568,12.04.2024 10:00:02,12.0477
2569,12.04.2024 11:00:02,12.4891
2570,12.04.2024 12:00:02,12.8852,3.600,19.99
2571,12.04.2024 13:00:02,13.1983
2572,12.04.2024 14:00:02,13.5127
2573,12.04.2024 15:00:02,13.7797
2574,12.04.2024 16:00:02,13.9989
2575,12.04.2024 17:00:02,14.1343
2576,12.04.2024 18:00:02,14.1966,3.601,21.22
2577,12.04.2024 19:00:02,14.1309
2578,12.04.2024 20:00:02,13.9759
2579,12.04.2024 21:00:02,13.8173
2580,12.04.2024 22:00:02,13.6587
2581,12.04.2024 23:00:02,13.5017
2582,13.04.2024 00:00:02,13.3384,3.599,20.18
2583,13.04.2024 01:00:02,13.1783
2584,13.04.2024 02:00:02,13.0292
2585,13.04.2024 03:00:02,12.8895
2586,13.04.2024 04:00:02,12.7534
2587,13.04.2024 05:00:02,12.6261
2588,13.04.2024 06:00:02,12.5087,3.599,19.38
2589,13.04.2024 07:00:02,12.3999
2590,13.04.2024 08:00:02,12.3822
2591,13.04.2024 09:00:02,12.5403
2592,13.04.2024 10:00:02,12.9086
2593,13.04.2024 11:00:02,13.2613
2594,13.04.2024 12:00:02,13.5399,3.599,20.67
2595,13.04.2024 13:00:02,13.7958
2596,13.04.2024 14:00:02,14.0049
2597,13.04.2024 15:00:02,14.1478
2598,13.04.2024 16:00:02,14.2581
2599,13.04.2024 17:00:02,14.278
2600,13.04.2024 18:00:02,14.2753,3.601,21.40
2601,13.04.2024 19:00:02,14.2322
2602,13.04.2024 20:00:02,14.1198
2603,13.04.2024 21:00:02,13.9792
2604,13.04.2024 22:00:02,13.8144
2605,13.04.2024 23:00:02,13.6497
2606,14.04.2024 00:00:02,13.4935,3.601,20.60
2607,14.04.2024 01:00:02,13.3402
2608,14.04.2024 02:00:02,13.1981
2609,14.04.2024 03:00:02,13.0582
2610,14.04.2024 04:00:02,12.9354
2611,14.04.2024 05:00:02,12.81
2612,14.04.2024 06:00:02,12.6926,3.598,19.50
2613,14.04.2024 07:00:02,12.5614
2614,14.04.2024 08:00:02,12.5294
2615,14.04.2024 09:00:02,12.6407
2616,14.04.2024 10:00:02,12.9377
2617,14.04.2024 11:00:02,13.1452
2618,14.04.2024 12:00:02,13.3059,3.599,20.36
2619,14.04.2024 13:00:02,13.4274
2620,14.04.2024 14:00:02,13.4803
2621,14.04.2024 15:00:02,13.5748
2622,14.04.2024 16:00:02,13.6825
2623,14.04.2024 17:00:02,13.7199
2624,14.04.2024 18:00:02,13.654,3.600,20.60
2625,14.04.2024 19:00:02,13.5722
2626,14.04.2024 20:00:02,13.468
2627,14.04.2024 21:00:02,13.381
2628,14.04.2024 22:00:02,13.308
2629,14.04.2024 23:00:02,13.2427
2630,15.04.2024 00:00:02,13.1795,3.598,20.11
2631,15.04.2024 01:00:02,13.1298
2632,15.04.2024 02:00:02,13.095
2633,15.04.2024 03:00:02,13.0639
2634,15.04.2024 04:00:02,13.0231
2635,15.04.2024 05:00:02,12.9834
2636,15.04.2024 06:00:02,12.9488,3.600,19.93
2637,15.04.2024 07:00:02,12.9249
2638,15.04.2024 08:00:02,12.9092
2639,15.04.2024 09:00:02,12.8972
2640,15.04.2024 10:00:02,12.8888
2641,15.04.2024 11:00:02,12.8841
2642,15.04.2024 12:00:02,12.9028,3.598,19.81
2643,15.04.2024 13:00:02,12.9293
2644,15.04.2024 14:00:02,12.9534
2645,15.04.2024 15:00:02,12.944
2646,15.04.2024 16:00:02,12.9559
2647,15.04.2024 17:00:02,12.9515
2648,15.04.2024 18:00:02,12.912,3.599,19.87
2649,15.04.2024 19:00:02,12.8472
2650,15.04.2024 20:00:02,12.7865
2651,15.04.2024 21:00:02,12.7354
2652,15.04.2024 22:00:02,12.657
2653,15.04.2024 23:00:02,12.5889
2654,16.04.2024 00:00:02,12.5516,3.598,19.44
2655,16.04.2024 01:00:02,12.5065
2656,16.04.2024 02:00:02,12.4479
2657,16.04.2024 03:00:02,12.4173
2658,16.04.2024 04:00:02,12.3855
2659,16.04.2024 05:00:02,12.3547
2660,16.04.2024 06:00:02,12.3241,3.597,19.38
2661,16.04.2024 07:00:02,12.3077
2662,16.04.2024 08:00:02,12.3189
2663,16.04.2024 09:00:02,12.3413
2664,16.04.2024 10:00:02,12.3189
2665,16.04.2024 11:00:02,12.3191
2666,16.04.2024 12:00:02,12.3738,3.598,19.32
2667,16.04.2024 13:00:02,12.41
2668,16.04.2024 14:00:02,12.4745
2669,16.04.2024 15:00:02,12.5385
2670,16.04.2024 16:00:02,12.5663
2671,16.04.2024 17:00:02,12.5708
2672,16.04.2024 18:00:02,12.5266,3.598,19.38
2673,16.04.2024 19:00:02,12.4813
2674,16.04.2024 20:00:02,12.4182
2675,16.04.2024 21:00:02,12.3635
2676,16.04.2024 22:00:02,12.3131
2677,16.04.2024 23:00:02,12.2667
2678,17.04.2024 00:00:02,12.2317,3.598,18.95
2679,17.04.2024 01:00:02,12.1909
2680,17.04.2024 02:00:02,12.1455
2681,17.04.2024 03:00:02,12.0908
2682,17.04.2024 04:00:02,12.0262
2683,17.04.2024 05:00:02,11.9671
2684,17.04.2024 06:00:02,11.9016,3.598,18.76
2685,17.04.2024 07:00:02,11.8642
2686,17.04.2024 08:00:02,11.8502
2687,17.04.2024 09:00:02,11.8929
2688,17.04.2024 10:00:02,11.9644
2689,17.04.2024 11:00:02,12.052
2690,17.04.2024 12:00:02,12.1513,3.597,19.07
2691,17.04.2024 13:00:02,12.2572
2692,17.04.2024 14:00:02,12.3686
2693,17.04.2024 15:00:02,12.4351
2694,17.04.2024 16:00:02,12.4691
2695,17.04.2024 17:00:02,12.4584
2696,17.04.2024 18:00:02,12.403,3.597,19.50
2697,17.04.2024 19:00:02,12.3382
2698,17.04.2024 20:00:02,12.2656
2699,17.04.2024 21:00:02,12.1524
2700,17.04.2024 22:00:02,12.0201
2701,17.04.2024 23:00:02,11.8611
2702,18.04.2024 00:00:02,11.7008,3.597,18.64
2703,18.04.2024 01:00:02,11.617
2704,18.04.2024 02:00:02,11.5853
2705,18.04.2024 03:00:02,11.5685
2706,18.04.2024 04:00:02,11.5727
2707,18.04.2024 05:00:02,11.5601
2708,18.04.2024 06:00:02,11.5097,3.596,18.21
2709,18.04.2024 07:00:02,11.4092
2710,18.04.2024 08:00:02,11.3666
2711,18.04.2024 09:00:02,11.47
2712,18.04.2024 10:00:02,11.644
2713,18.04.2024 11:00:02,11.7561
2714,18.04.2024 12:00:02,11.8643,3.598,18.89
